{
"type": "FeatureCollection",
"name": "ecnu_edges_merged",
"crs": { "type": "name", "properties": { "name": "urn:ogc:def:crs:OGC:1.3:CRS84" } },
"features": [
{ "type": "Feature", "properties": { "highway": "footway" }, "geometry": { "type": "LineString", "coordinates": [ [ 121.4559869, 31.0283023 ], [ 121.4561788, 31.0283593 ] ] } },
{ "type": "Feature", "properties": { "highway": "footway" }, "geometry": { "type": "LineString", "coordinates": [ [ 121.4561788, 31.0283593 ], [ 121.4563305, 31.0283969 ] ] } },
{ "type": "Feature", "properties": { "highway": "footway" }, "geometry": { "type": "LineString", "coordinates": [ [ 121.4563305, 31.0283969 ], [ 121.4592873, 31.0292079 ] ] } },
{ "type": "Feature", "properties": { "highway": "footway" }, "geometry": { "type": "LineString", "coordinates": [ [ 121.4592873, 31.0292079 ], [ 121.4598588, 31.0293647 ] ] } },
{ "type": "Feature", "properties": { "highway": "footway" }, "geometry": { "type": "LineString", "coordinates": [ [ 121.4559869, 31.0283023 ], [ 121.455994, 31.0284092 ] ] } },
{ "type": "Feature", "properties": { "highway": "footway" }, "geometry": { "type": "LineString", "coordinates": [ [ 121.455994, 31.0284092 ], [ 121.4559828, 31.0284864 ] ] } },
{ "type": "Feature", "properties": { "highway": "footway" }, "geometry": { "type": "LineString", "coordinates": [ [ 121.4559869, 31.0283023 ], [ 121.4560306, 31.0281905 ] ] } },
{ "type": "Feature", "properties": { "highway": "footway" }, "geometry": { "type": "LineString", "coordinates": [ [ 121.4560306, 31.0281905 ], [ 121.4560957, 31.0280205 ] ] } },
{ "type": "Feature", "properties": { "highway": "footway" }, "geometry": { "type": "LineString", "coordinates": [ [ 121.4559869, 31.0283023 ], [ 121.4559131, 31.0283948 ] ] } },
{ "type": "Feature", "properties": { "highway": "footway" }, "geometry": { "type": "LineString", "coordinates": [ [ 121.4559131, 31.0283948 ], [ 121.4558843, 31.0284715 ] ] } },
{ "type": "Feature", "properties": { "highway": "footway" }, "geometry": { "type": "LineString", "coordinates": [ [ 121.4513019, 31.0402745 ], [ 121.4513432, 31.0401634 ] ] } },
{ "type": "Feature", "properties": { "highway": "footway" }, "geometry": { "type": "LineString", "coordinates": [ [ 121.4513019, 31.0402745 ], [ 121.4513752, 31.0402949 ] ] } },
{ "type": "Feature", "properties": { "highway": "footway" }, "geometry": { "type": "LineString", "coordinates": [ [ 121.4513019, 31.0402745 ], [ 121.4511142, 31.0402182 ] ] } },
{ "type": "Feature", "properties": { "highway": "footway" }, "geometry": { "type": "LineString", "coordinates": [ [ 121.4511142, 31.0402182 ], [ 121.4504671, 31.0400056 ] ] } },
{ "type": "Feature", "properties": { "highway": "footway" }, "geometry": { "type": "LineString", "coordinates": [ [ 121.4504671, 31.0400056 ], [ 121.4492895, 31.0396303 ] ] } },
{ "type": "Feature", "properties": { "highway": "footway" }, "geometry": { "type": "LineString", "coordinates": [ [ 121.4492895, 31.0396303 ], [ 121.4485033, 31.0393775 ] ] } },
{ "type": "Feature", "properties": { "highway": "footway" }, "geometry": { "type": "LineString", "coordinates": [ [ 121.4656401, 31.0309399 ], [ 121.4654768, 31.0309058 ] ] } },
{ "type": "Feature", "properties": { "highway": "footway" }, "geometry": { "type": "LineString", "coordinates": [ [ 121.4656401, 31.0309399 ], [ 121.4656093, 31.0310762 ] ] } },
{ "type": "Feature", "properties": { "highway": "footway" }, "geometry": { "type": "LineString", "coordinates": [ [ 121.4656093, 31.0310762 ], [ 121.4655977, 31.0311453 ] ] } },
{ "type": "Feature", "properties": { "highway": "footway" }, "geometry": { "type": "LineString", "coordinates": [ [ 121.4656401, 31.0309399 ], [ 121.465804, 31.0309298 ] ] } },
{ "type": "Feature", "properties": { "highway": "footway" }, "geometry": { "type": "LineString", "coordinates": [ [ 121.465804, 31.0309298 ], [ 121.4686435, 31.0316885 ] ] } },
{ "type": "Feature", "properties": { "highway": "footway" }, "geometry": { "type": "LineString", "coordinates": [ [ 121.4686435, 31.0316885 ], [ 121.4687482, 31.0317173 ] ] } },
{ "type": "Feature", "properties": { "highway": "footway" }, "geometry": { "type": "LineString", "coordinates": [ [ 121.4656401, 31.0309399 ], [ 121.4658308, 31.0310746 ] ] } },
{ "type": "Feature", "properties": { "highway": "footway" }, "geometry": { "type": "LineString", "coordinates": [ [ 121.4658308, 31.0310746 ], [ 121.4672807, 31.0314553 ] ] } },
{ "type": "Feature", "properties": { "highway": "footway" }, "geometry": { "type": "LineString", "coordinates": [ [ 121.4672807, 31.0314553 ], [ 121.4683404, 31.0317637 ] ] } },
{ "type": "Feature", "properties": { "highway": "footway" }, "geometry": { "type": "LineString", "coordinates": [ [ 121.4683404, 31.0317637 ], [ 121.468583, 31.031837 ] ] } },
{ "type": "Feature", "properties": { "highway": "footway" }, "geometry": { "type": "LineString", "coordinates": [ [ 121.468583, 31.031837 ], [ 121.4686966, 31.031868 ] ] } },
{ "type": "Feature", "properties": { "highway": "footway" }, "geometry": { "type": "LineString", "coordinates": [ [ 121.4427393, 31.0271389 ], [ 121.4425855, 31.0274637 ] ] } },
{ "type": "Feature", "properties": { "highway": "footway" }, "geometry": { "type": "LineString", "coordinates": [ [ 121.4427393, 31.0271389 ], [ 121.443638, 31.0274148 ] ] } },
{ "type": "Feature", "properties": { "highway": "footway" }, "geometry": { "type": "LineString", "coordinates": [ [ 121.443638, 31.0274148 ], [ 121.4438574, 31.0274813 ] ] } },
{ "type": "Feature", "properties": { "highway": "footway" }, "geometry": { "type": "LineString", "coordinates": [ [ 121.443638, 31.0274148 ], [ 121.4434144, 31.028015 ] ] } },
{ "type": "Feature", "properties": { "highway": "footway" }, "geometry": { "type": "LineString", "coordinates": [ [ 121.4434144, 31.028015 ], [ 121.4432867, 31.0282958 ] ] } },
{ "type": "Feature", "properties": { "highway": "footway" }, "geometry": { "type": "LineString", "coordinates": [ [ 121.4438574, 31.0274813 ], [ 121.4436778, 31.0278884 ] ] } },
{ "type": "Feature", "properties": { "highway": "footway" }, "geometry": { "type": "LineString", "coordinates": [ [ 121.4436778, 31.0278884 ], [ 121.4436453, 31.0279662 ] ] } },
{ "type": "Feature", "properties": { "highway": "footway" }, "geometry": { "type": "LineString", "coordinates": [ [ 121.4423895, 31.0276802 ], [ 121.44252, 31.0279099 ] ] } },
{ "type": "Feature", "properties": { "highway": "footway" }, "geometry": { "type": "LineString", "coordinates": [ [ 121.4423895, 31.0276802 ], [ 121.4425716, 31.0274946 ] ] } },
{ "type": "Feature", "properties": { "highway": "footway" }, "geometry": { "type": "LineString", "coordinates": [ [ 121.4425716, 31.0274946 ], [ 121.4425855, 31.0274637 ] ] } },
{ "type": "Feature", "properties": { "highway": "footway" }, "geometry": { "type": "LineString", "coordinates": [ [ 121.4423895, 31.0276802 ], [ 121.442213, 31.0273475 ] ] } },
{ "type": "Feature", "properties": { "highway": "footway" }, "geometry": { "type": "LineString", "coordinates": [ [ 121.442213, 31.0273475 ], [ 121.4425855, 31.0274637 ] ] } },
{ "type": "Feature", "properties": { "highway": "footway" }, "geometry": { "type": "LineString", "coordinates": [ [ 121.44252, 31.0279099 ], [ 121.4426327, 31.0280202 ] ] } },
{ "type": "Feature", "properties": { "highway": "footway" }, "geometry": { "type": "LineString", "coordinates": [ [ 121.44252, 31.0279099 ], [ 121.4424336, 31.0279062 ] ] } },
{ "type": "Feature", "properties": { "highway": "footway" }, "geometry": { "type": "LineString", "coordinates": [ [ 121.4424336, 31.0279062 ], [ 121.4423655, 31.0279283 ] ] } },
{ "type": "Feature", "properties": { "highway": "footway" }, "geometry": { "type": "LineString", "coordinates": [ [ 121.4423655, 31.0279283 ], [ 121.4423042, 31.0279951 ] ] } },
{ "type": "Feature", "properties": { "highway": "footway" }, "geometry": { "type": "LineString", "coordinates": [ [ 121.4423042, 31.0279951 ], [ 121.4422996, 31.0280777 ] ] } },
{ "type": "Feature", "properties": { "highway": "footway" }, "geometry": { "type": "LineString", "coordinates": [ [ 121.4436453, 31.0279662 ], [ 121.443735, 31.0279968 ] ] } },
{ "type": "Feature", "properties": { "highway": "footway" }, "geometry": { "type": "LineString", "coordinates": [ [ 121.443735, 31.0279968 ], [ 121.4443188, 31.028196 ] ] } },
{ "type": "Feature", "properties": { "highway": "footway" }, "geometry": { "type": "LineString", "coordinates": [ [ 121.4443188, 31.028196 ], [ 121.444965, 31.0283949 ] ] } },
{ "type": "Feature", "properties": { "highway": "footway" }, "geometry": { "type": "LineString", "coordinates": [ [ 121.444965, 31.0283949 ], [ 121.4451785, 31.0284667 ] ] } },
{ "type": "Feature", "properties": { "highway": "footway" }, "geometry": { "type": "LineString", "coordinates": [ [ 121.4436453, 31.0279662 ], [ 121.443606, 31.0280539 ] ] } },
{ "type": "Feature", "properties": { "highway": "footway" }, "geometry": { "type": "LineString", "coordinates": [ [ 121.443606, 31.0280539 ], [ 121.4435175, 31.0282487 ] ] } },
{ "type": "Feature", "properties": { "highway": "footway" }, "geometry": { "type": "LineString", "coordinates": [ [ 121.4435175, 31.0282487 ], [ 121.4435028, 31.0282889 ] ] } },
{ "type": "Feature", "properties": { "highway": "footway" }, "geometry": { "type": "LineString", "coordinates": [ [ 121.4435028, 31.0282889 ], [ 121.4434665, 31.0283808 ] ] } },
{ "type": "Feature", "properties": { "highway": "footway" }, "geometry": { "type": "LineString", "coordinates": [ [ 121.4560957, 31.0280205 ], [ 121.4562624, 31.0280621 ] ] } },
{ "type": "Feature", "properties": { "highway": "footway" }, "geometry": { "type": "LineString", "coordinates": [ [ 121.4562624, 31.0280621 ], [ 121.4563107, 31.0281724 ] ] } },
{ "type": "Feature", "properties": { "highway": "footway" }, "geometry": { "type": "LineString", "coordinates": [ [ 121.4563107, 31.0281724 ], [ 121.4563939, 31.0282368 ] ] } },
{ "type": "Feature", "properties": { "highway": "footway" }, "geometry": { "type": "LineString", "coordinates": [ [ 121.4563939, 31.0282368 ], [ 121.4599239, 31.0291861 ] ] } },
{ "type": "Feature", "properties": { "highway": "footway" }, "geometry": { "type": "LineString", "coordinates": [ [ 121.4426327, 31.0280202 ], [ 121.4425909, 31.028116 ] ] } },
{ "type": "Feature", "properties": { "highway": "footway" }, "geometry": { "type": "LineString", "coordinates": [ [ 121.4425909, 31.028116 ], [ 121.4425265, 31.0281659 ] ] } },
{ "type": "Feature", "properties": { "highway": "footway" }, "geometry": { "type": "LineString", "coordinates": [ [ 121.4425265, 31.0281659 ], [ 121.442415, 31.028176 ] ] } },
{ "type": "Feature", "properties": { "highway": "footway" }, "geometry": { "type": "LineString", "coordinates": [ [ 121.4426327, 31.0280202 ], [ 121.4427829, 31.028103 ] ] } },
{ "type": "Feature", "properties": { "highway": "footway" }, "geometry": { "type": "LineString", "coordinates": [ [ 121.4427829, 31.028103 ], [ 121.4432867, 31.0282958 ] ] } },
{ "type": "Feature", "properties": { "highway": "footway" }, "geometry": { "type": "LineString", "coordinates": [ [ 121.4422996, 31.0280777 ], [ 121.4423376, 31.0281367 ] ] } },
{ "type": "Feature", "properties": { "highway": "footway" }, "geometry": { "type": "LineString", "coordinates": [ [ 121.4423376, 31.0281367 ], [ 121.442415, 31.028176 ] ] } },
{ "type": "Feature", "properties": { "highway": "footway" }, "geometry": { "type": "LineString", "coordinates": [ [ 121.442415, 31.028176 ], [ 121.4424067, 31.0282476 ] ] } },
{ "type": "Feature", "properties": { "highway": "footway" }, "geometry": { "type": "LineString", "coordinates": [ [ 121.4424067, 31.0282476 ], [ 121.4423785, 31.0284928 ] ] } },
{ "type": "Feature", "properties": { "highway": "footway" }, "geometry": { "type": "LineString", "coordinates": [ [ 121.4432867, 31.0282958 ], [ 121.4434665, 31.0283808 ] ] } },
{ "type": "Feature", "properties": { "highway": "footway" }, "geometry": { "type": "LineString", "coordinates": [ [ 121.4432867, 31.0282958 ], [ 121.4430663, 31.0287177 ] ] } },
{ "type": "Feature", "properties": { "highway": "footway" }, "geometry": { "type": "LineString", "coordinates": [ [ 121.4434665, 31.0283808 ], [ 121.4432872, 31.0287904 ] ] } },
{ "type": "Feature", "properties": { "highway": "footway" }, "geometry": { "type": "LineString", "coordinates": [ [ 121.4451785, 31.0284667 ], [ 121.4447317, 31.0294721 ] ] } },
{ "type": "Feature", "properties": { "highway": "footway" }, "geometry": { "type": "LineString", "coordinates": [ [ 121.4447317, 31.0294721 ], [ 121.4446319, 31.0296967 ] ] } },
{ "type": "Feature", "properties": { "highway": "footway" }, "geometry": { "type": "LineString", "coordinates": [ [ 121.4446319, 31.0296967 ], [ 121.4446117, 31.0297421 ] ] } },
{ "type": "Feature", "properties": { "highway": "footway" }, "geometry": { "type": "LineString", "coordinates": [ [ 121.4421364, 31.0284875 ], [ 121.4423785, 31.0284928 ] ] } },
{ "type": "Feature", "properties": { "highway": "footway" }, "geometry": { "type": "LineString", "coordinates": [ [ 121.4423785, 31.0284928 ], [ 121.4430663, 31.0287177 ] ] } },
{ "type": "Feature", "properties": { "highway": "footway" }, "geometry": { "type": "LineString", "coordinates": [ [ 121.4430663, 31.0287177 ], [ 121.4427478, 31.0294471 ] ] } },
{ "type": "Feature", "properties": { "highway": "footway" }, "geometry": { "type": "LineString", "coordinates": [ [ 121.4430663, 31.0287177 ], [ 121.4432111, 31.0287653 ] ] } },
{ "type": "Feature", "properties": { "highway": "footway" }, "geometry": { "type": "LineString", "coordinates": [ [ 121.4432111, 31.0287653 ], [ 121.4432872, 31.0287904 ] ] } },
{ "type": "Feature", "properties": { "highway": "footway" }, "geometry": { "type": "LineString", "coordinates": [ [ 121.4432872, 31.0287904 ], [ 121.4432593, 31.028854 ] ] } },
{ "type": "Feature", "properties": { "highway": "footway" }, "geometry": { "type": "LineString", "coordinates": [ [ 121.4432593, 31.028854 ], [ 121.4429668, 31.029522 ] ] } },
{ "type": "Feature", "properties": { "highway": "footway" }, "geometry": { "type": "LineString", "coordinates": [ [ 121.4424245, 31.0293491 ], [ 121.4427478, 31.0294471 ] ] } },
{ "type": "Feature", "properties": { "highway": "footway" }, "geometry": { "type": "LineString", "coordinates": [ [ 121.4427478, 31.0294471 ], [ 121.4428966, 31.029498 ] ] } },
{ "type": "Feature", "properties": { "highway": "footway" }, "geometry": { "type": "LineString", "coordinates": [ [ 121.4428966, 31.029498 ], [ 121.4429668, 31.029522 ] ] } },
{ "type": "Feature", "properties": { "highway": "footway" }, "geometry": { "type": "LineString", "coordinates": [ [ 121.4427478, 31.0294471 ], [ 121.4425348, 31.0299348 ] ] } },
{ "type": "Feature", "properties": { "highway": "footway" }, "geometry": { "type": "LineString", "coordinates": [ [ 121.4425348, 31.0299348 ], [ 121.4420137, 31.0297851 ] ] } },
{ "type": "Feature", "properties": { "highway": "footway" }, "geometry": { "type": "LineString", "coordinates": [ [ 121.4429668, 31.029522 ], [ 121.4427271, 31.0300714 ] ] } },
{ "type": "Feature", "properties": { "highway": "footway" }, "geometry": { "type": "LineString", "coordinates": [ [ 121.4427271, 31.0300714 ], [ 121.4426264, 31.030302 ] ] } },
{ "type": "Feature", "properties": { "highway": "footway" }, "geometry": { "type": "LineString", "coordinates": [ [ 121.4426264, 31.030302 ], [ 121.4426127, 31.030333 ] ] } },
{ "type": "Feature", "properties": { "highway": "footway" }, "geometry": { "type": "LineString", "coordinates": [ [ 121.4426127, 31.030333 ], [ 121.4425818, 31.0304041 ] ] } },
{ "type": "Feature", "properties": { "highway": "footway" }, "geometry": { "type": "LineString", "coordinates": [ [ 121.4456961, 31.0302823 ], [ 121.4452868, 31.030674 ] ] } },
{ "type": "Feature", "properties": { "highway": "footway" }, "geometry": { "type": "LineString", "coordinates": [ [ 121.4456961, 31.0302823 ], [ 121.4456521, 31.0302091 ] ] } },
{ "type": "Feature", "properties": { "highway": "footway" }, "geometry": { "type": "LineString", "coordinates": [ [ 121.4456521, 31.0302091 ], [ 121.445668, 31.0301412 ] ] } },
{ "type": "Feature", "properties": { "highway": "footway" }, "geometry": { "type": "LineString", "coordinates": [ [ 121.445668, 31.0301412 ], [ 121.4457142, 31.0300994 ] ] } },
{ "type": "Feature", "properties": { "highway": "footway" }, "geometry": { "type": "LineString", "coordinates": [ [ 121.4457142, 31.0300994 ], [ 121.4457644, 31.0300833 ] ] } },
{ "type": "Feature", "properties": { "highway": "footway" }, "geometry": { "type": "LineString", "coordinates": [ [ 121.4456961, 31.0302823 ], [ 121.4457521, 31.0303079 ] ] } },
{ "type": "Feature", "properties": { "highway": "footway" }, "geometry": { "type": "LineString", "coordinates": [ [ 121.4457521, 31.0303079 ], [ 121.4458477, 31.0302983 ] ] } },
{ "type": "Feature", "properties": { "highway": "footway" }, "geometry": { "type": "LineString", "coordinates": [ [ 121.4456961, 31.0302823 ], [ 121.4453288, 31.030183 ] ] } },
{ "type": "Feature", "properties": { "highway": "footway" }, "geometry": { "type": "LineString", "coordinates": [ [ 121.4453288, 31.030183 ], [ 121.4448916, 31.0300636 ] ] } },
{ "type": "Feature", "properties": { "highway": "footway" }, "geometry": { "type": "LineString", "coordinates": [ [ 121.4448916, 31.0300636 ], [ 121.4445145, 31.0299608 ] ] } },
{ "type": "Feature", "properties": { "highway": "footway" }, "geometry": { "type": "LineString", "coordinates": [ [ 121.4425818, 31.0304041 ], [ 121.4427327, 31.0304523 ] ] } },
{ "type": "Feature", "properties": { "highway": "footway" }, "geometry": { "type": "LineString", "coordinates": [ [ 121.4427327, 31.0304523 ], [ 121.4435622, 31.0307153 ] ] } },
{ "type": "Feature", "properties": { "highway": "footway" }, "geometry": { "type": "LineString", "coordinates": [ [ 121.4435622, 31.0307153 ], [ 121.4437036, 31.030764 ] ] } },
{ "type": "Feature", "properties": { "highway": "footway" }, "geometry": { "type": "LineString", "coordinates": [ [ 121.4437036, 31.030764 ], [ 121.4441015, 31.03089 ] ] } },
{ "type": "Feature", "properties": { "highway": "footway" }, "geometry": { "type": "LineString", "coordinates": [ [ 121.4441015, 31.03089 ], [ 121.4441321, 31.0308211 ] ] } },
{ "type": "Feature", "properties": { "highway": "footway" }, "geometry": { "type": "LineString", "coordinates": [ [ 121.4441321, 31.0308211 ], [ 121.4441501, 31.030748 ] ] } },
{ "type": "Feature", "properties": { "highway": "footway" }, "geometry": { "type": "LineString", "coordinates": [ [ 121.4441501, 31.030748 ], [ 121.4442841, 31.0304705 ] ] } },
{ "type": "Feature", "properties": { "highway": "footway" }, "geometry": { "type": "LineString", "coordinates": [ [ 121.4442841, 31.0304705 ], [ 121.4444055, 31.0302023 ] ] } },
{ "type": "Feature", "properties": { "highway": "footway" }, "geometry": { "type": "LineString", "coordinates": [ [ 121.4444055, 31.0302023 ], [ 121.4444979, 31.0299982 ] ] } },
{ "type": "Feature", "properties": { "highway": "footway" }, "geometry": { "type": "LineString", "coordinates": [ [ 121.4444979, 31.0299982 ], [ 121.4445145, 31.0299608 ] ] } },
{ "type": "Feature", "properties": { "highway": "footway" }, "geometry": { "type": "LineString", "coordinates": [ [ 121.4441015, 31.03089 ], [ 121.4440719, 31.0309567 ] ] } },
{ "type": "Feature", "properties": { "highway": "footway" }, "geometry": { "type": "LineString", "coordinates": [ [ 121.4440719, 31.0309567 ], [ 121.443073, 31.0332042 ] ] } },
{ "type": "Feature", "properties": { "highway": "footway" }, "geometry": { "type": "LineString", "coordinates": [ [ 121.443073, 31.0332042 ], [ 121.4428482, 31.0337101 ] ] } },
{ "type": "Feature", "properties": { "highway": "footway" }, "geometry": { "type": "LineString", "coordinates": [ [ 121.4428482, 31.0337101 ], [ 121.4426409, 31.0341765 ] ] } },
{ "type": "Feature", "properties": { "highway": "footway" }, "geometry": { "type": "LineString", "coordinates": [ [ 121.444772, 31.0326214 ], [ 121.4446626, 31.0333212 ] ] } },
{ "type": "Feature", "properties": { "highway": "footway" }, "geometry": { "type": "LineString", "coordinates": [ [ 121.444772, 31.0326214 ], [ 121.4441799, 31.0325486 ] ] } },
{ "type": "Feature", "properties": { "highway": "footway" }, "geometry": { "type": "LineString", "coordinates": [ [ 121.4441799, 31.0325486 ], [ 121.4441281, 31.0325607 ] ] } },
{ "type": "Feature", "properties": { "highway": "footway" }, "geometry": { "type": "LineString", "coordinates": [ [ 121.4441281, 31.0325607 ], [ 121.4440151, 31.033221 ] ] } },
{ "type": "Feature", "properties": { "highway": "footway" }, "geometry": { "type": "LineString", "coordinates": [ [ 121.4440151, 31.033221 ], [ 121.4440402, 31.0332574 ] ] } },
{ "type": "Feature", "properties": { "highway": "footway" }, "geometry": { "type": "LineString", "coordinates": [ [ 121.4440402, 31.0332574 ], [ 121.4446626, 31.0333212 ] ] } },
{ "type": "Feature", "properties": { "highway": "footway" }, "geometry": { "type": "LineString", "coordinates": [ [ 121.444772, 31.0326214 ], [ 121.4450121, 31.0326509 ] ] } },
{ "type": "Feature", "properties": { "highway": "footway" }, "geometry": { "type": "LineString", "coordinates": [ [ 121.4450121, 31.0326509 ], [ 121.4450105, 31.0325276 ] ] } },
{ "type": "Feature", "properties": { "highway": "footway" }, "geometry": { "type": "LineString", "coordinates": [ [ 121.4450105, 31.0325276 ], [ 121.4450007, 31.0324204 ] ] } },
{ "type": "Feature", "properties": { "highway": "footway" }, "geometry": { "type": "LineString", "coordinates": [ [ 121.4450007, 31.0324204 ], [ 121.4449345, 31.0320968 ] ] } },
{ "type": "Feature", "properties": { "highway": "footway" }, "geometry": { "type": "LineString", "coordinates": [ [ 121.4449345, 31.0320968 ], [ 121.444894365588084, 31.031998473561632 ] ] } },
{ "type": "Feature", "properties": { "highway": "footway" }, "geometry": { "type": "LineString", "coordinates": [ [ 121.444894365588084, 31.031998473561632 ], [ 121.4447947, 31.0317543 ] ] } },
{ "type": "Feature", "properties": { "highway": "footway" }, "geometry": { "type": "LineString", "coordinates": [ [ 121.4447947, 31.0317543 ], [ 121.4447726, 31.0315736 ] ] } },
{ "type": "Feature", "properties": { "highway": "footway" }, "geometry": { "type": "LineString", "coordinates": [ [ 121.4447726, 31.0315736 ], [ 121.4447898, 31.0313194 ] ] } },
{ "type": "Feature", "properties": { "highway": "footway" }, "geometry": { "type": "LineString", "coordinates": [ [ 121.4447898, 31.0313194 ], [ 121.4448437, 31.031166 ] ] } },
{ "type": "Feature", "properties": { "highway": "footway" }, "geometry": { "type": "LineString", "coordinates": [ [ 121.4448437, 31.031166 ], [ 121.4448977, 31.0310918 ] ] } },
{ "type": "Feature", "properties": { "highway": "footway" }, "geometry": { "type": "LineString", "coordinates": [ [ 121.4450121, 31.0326509 ], [ 121.4450137, 31.0327734 ] ] } },
{ "type": "Feature", "properties": { "highway": "footway" }, "geometry": { "type": "LineString", "coordinates": [ [ 121.4450137, 31.0327734 ], [ 121.4449945, 31.0330427 ] ] } },
{ "type": "Feature", "properties": { "highway": "footway" }, "geometry": { "type": "LineString", "coordinates": [ [ 121.4449945, 31.0330427 ], [ 121.4448873, 31.0333808 ] ] } },
{ "type": "Feature", "properties": { "highway": "footway" }, "geometry": { "type": "LineString", "coordinates": [ [ 121.4446626, 31.0333212 ], [ 121.4445852, 31.0334497 ] ] } },
{ "type": "Feature", "properties": { "highway": "footway" }, "geometry": { "type": "LineString", "coordinates": [ [ 121.4445852, 31.0334497 ], [ 121.444465, 31.0341221 ] ] } },
{ "type": "Feature", "properties": { "highway": "footway" }, "geometry": { "type": "LineString", "coordinates": [ [ 121.4446626, 31.0333212 ], [ 121.4447128, 31.0333264 ] ] } },
{ "type": "Feature", "properties": { "highway": "footway" }, "geometry": { "type": "LineString", "coordinates": [ [ 121.4447128, 31.0333264 ], [ 121.4448873, 31.0333808 ] ] } },
{ "type": "Feature", "properties": { "highway": "footway" }, "geometry": { "type": "LineString", "coordinates": [ [ 121.4448873, 31.0333808 ], [ 121.4448106, 31.033742 ] ] } },
{ "type": "Feature", "properties": { "highway": "footway" }, "geometry": { "type": "LineString", "coordinates": [ [ 121.4448106, 31.033742 ], [ 121.4447953, 31.0340572 ] ] } },
{ "type": "Feature", "properties": { "highway": "footway" }, "geometry": { "type": "LineString", "coordinates": [ [ 121.4447953, 31.0340572 ], [ 121.4448033, 31.0341325 ] ] } },
{ "type": "Feature", "properties": { "highway": "footway" }, "geometry": { "type": "LineString", "coordinates": [ [ 121.444465, 31.0341221 ], [ 121.4443939, 31.0341221 ] ] } },
{ "type": "Feature", "properties": { "highway": "footway" }, "geometry": { "type": "LineString", "coordinates": [ [ 121.4443939, 31.0341221 ], [ 121.4443341, 31.0344144 ] ] } },
{ "type": "Feature", "properties": { "highway": "footway" }, "geometry": { "type": "LineString", "coordinates": [ [ 121.4443341, 31.0344144 ], [ 121.4442131, 31.03518 ] ] } },
{ "type": "Feature", "properties": { "highway": "footway" }, "geometry": { "type": "LineString", "coordinates": [ [ 121.4442131, 31.03518 ], [ 121.4442517, 31.0352105 ] ] } },
{ "type": "Feature", "properties": { "highway": "footway" }, "geometry": { "type": "LineString", "coordinates": [ [ 121.4442517, 31.0352105 ], [ 121.444877, 31.0352694 ] ] } },
{ "type": "Feature", "properties": { "highway": "footway" }, "geometry": { "type": "LineString", "coordinates": [ [ 121.444877, 31.0352694 ], [ 121.4449898, 31.0352295 ] ] } },
{ "type": "Feature", "properties": { "highway": "footway" }, "geometry": { "type": "LineString", "coordinates": [ [ 121.4449898, 31.0352295 ], [ 121.445119, 31.0351575 ] ] } },
{ "type": "Feature", "properties": { "highway": "footway" }, "geometry": { "type": "LineString", "coordinates": [ [ 121.444465, 31.0341221 ], [ 121.4446146, 31.0341326 ] ] } },
{ "type": "Feature", "properties": { "highway": "footway" }, "geometry": { "type": "LineString", "coordinates": [ [ 121.4446146, 31.0341326 ], [ 121.4448033, 31.0341325 ] ] } },
{ "type": "Feature", "properties": { "highway": "footway" }, "geometry": { "type": "LineString", "coordinates": [ [ 121.4448033, 31.0341325 ], [ 121.4448221, 31.03431 ] ] } },
{ "type": "Feature", "properties": { "highway": "footway" }, "geometry": { "type": "LineString", "coordinates": [ [ 121.4448221, 31.03431 ], [ 121.444895554597835, 31.034594387373087 ] ] } },
{ "type": "Feature", "properties": { "highway": "footway" }, "geometry": { "type": "LineString", "coordinates": [ [ 121.444895554597835, 31.034594387373087 ], [ 121.4449179, 31.0346809 ] ] } },
{ "type": "Feature", "properties": { "highway": "footway" }, "geometry": { "type": "LineString", "coordinates": [ [ 121.4449179, 31.0346809 ], [ 121.4450214, 31.034983 ] ] } },
{ "type": "Feature", "properties": { "highway": "footway" }, "geometry": { "type": "LineString", "coordinates": [ [ 121.4450214, 31.034983 ], [ 121.445119, 31.0351575 ] ] } },
{ "type": "Feature", "properties": { "highway": "footway" }, "geometry": { "type": "LineString", "coordinates": [ [ 121.4426409, 31.0341765 ], [ 121.4421894, 31.0340299 ] ] } },
{ "type": "Feature", "properties": { "highway": "footway" }, "geometry": { "type": "LineString", "coordinates": [ [ 121.445119, 31.0351575 ], [ 121.4451555, 31.0352227 ] ] } },
{ "type": "Feature", "properties": { "highway": "footway" }, "geometry": { "type": "LineString", "coordinates": [ [ 121.4451555, 31.0352227 ], [ 121.4452972, 31.0355444 ] ] } },
{ "type": "Feature", "properties": { "highway": "footway" }, "geometry": { "type": "LineString", "coordinates": [ [ 121.4452972, 31.0355444 ], [ 121.4453482, 31.0356608 ] ] } },
{ "type": "Feature", "properties": { "highway": "footway" }, "geometry": { "type": "LineString", "coordinates": [ [ 121.4442878, 31.0369284 ], [ 121.445106, 31.0370848 ] ] } },
{ "type": "Feature", "properties": { "highway": "footway" }, "geometry": { "type": "LineString", "coordinates": [ [ 121.445106, 31.0370848 ], [ 121.4449086, 31.0377426 ] ] } },
{ "type": "Feature", "properties": { "highway": "footway" }, "geometry": { "type": "LineString", "coordinates": [ [ 121.445106, 31.0370848 ], [ 121.4452799, 31.0364748 ] ] } },
{ "type": "Feature", "properties": { "highway": "footway" }, "geometry": { "type": "LineString", "coordinates": [ [ 121.4452799, 31.0364748 ], [ 121.445329, 31.0361639 ] ] } },
{ "type": "Feature", "properties": { "highway": "footway" }, "geometry": { "type": "LineString", "coordinates": [ [ 121.445329, 31.0361639 ], [ 121.4453579, 31.0358684 ] ] } },
{ "type": "Feature", "properties": { "highway": "footway" }, "geometry": { "type": "LineString", "coordinates": [ [ 121.4453579, 31.0358684 ], [ 121.4453633, 31.035813 ] ] } },
{ "type": "Feature", "properties": { "highway": "footway" }, "geometry": { "type": "LineString", "coordinates": [ [ 121.4453633, 31.035813 ], [ 121.4453482, 31.0356608 ] ] } },
{ "type": "Feature", "properties": { "highway": "footway" }, "geometry": { "type": "LineString", "coordinates": [ [ 121.445106, 31.0370848 ], [ 121.4453082, 31.0370499 ] ] } },
{ "type": "Feature", "properties": { "highway": "footway" }, "geometry": { "type": "LineString", "coordinates": [ [ 121.4453082, 31.0370499 ], [ 121.4456554, 31.0371251 ] ] } },
{ "type": "Feature", "properties": { "highway": "footway" }, "geometry": { "type": "LineString", "coordinates": [ [ 121.4456554, 31.0371251 ], [ 121.4461704, 31.0372398 ] ] } },
{ "type": "Feature", "properties": { "highway": "footway" }, "geometry": { "type": "LineString", "coordinates": [ [ 121.4462301, 31.0372531 ], [ 121.4461704, 31.0372398 ] ] } },
{ "type": "Feature", "properties": { "highway": "footway" }, "geometry": { "type": "LineString", "coordinates": [ [ 121.4462301, 31.0372531 ], [ 121.4465484, 31.0376933 ] ] } },
{ "type": "Feature", "properties": { "highway": "footway" }, "geometry": { "type": "LineString", "coordinates": [ [ 121.4462301, 31.0372531 ], [ 121.4465517, 31.037104 ] ] } },
{ "type": "Feature", "properties": { "highway": "footway" }, "geometry": { "type": "LineString", "coordinates": [ [ 121.4465517, 31.037104 ], [ 121.4467629, 31.0370061 ] ] } },
{ "type": "Feature", "properties": { "highway": "footway" }, "geometry": { "type": "LineString", "coordinates": [ [ 121.4462301, 31.0372531 ], [ 121.4463687, 31.0372681 ] ] } },
{ "type": "Feature", "properties": { "highway": "footway" }, "geometry": { "type": "LineString", "coordinates": [ [ 121.4463687, 31.0372681 ], [ 121.4464384, 31.0372888 ] ] } },
{ "type": "Feature", "properties": { "highway": "footway" }, "geometry": { "type": "LineString", "coordinates": [ [ 121.4464384, 31.0372888 ], [ 121.4465403, 31.0373118 ] ] } },
{ "type": "Feature", "properties": { "highway": "footway" }, "geometry": { "type": "LineString", "coordinates": [ [ 121.4465403, 31.0373118 ], [ 121.4465685, 31.03733 ] ] } },
{ "type": "Feature", "properties": { "highway": "footway" }, "geometry": { "type": "LineString", "coordinates": [ [ 121.4472018, 31.027799 ], [ 121.446913, 31.027855 ] ] } },
{ "type": "Feature", "properties": { "highway": "footway" }, "geometry": { "type": "LineString", "coordinates": [ [ 121.446913, 31.027855 ], [ 121.4467721, 31.0278992 ] ] } },
{ "type": "Feature", "properties": { "highway": "footway" }, "geometry": { "type": "LineString", "coordinates": [ [ 121.4467721, 31.0278992 ], [ 121.4466965, 31.0279345 ] ] } },
{ "type": "Feature", "properties": { "highway": "footway" }, "geometry": { "type": "LineString", "coordinates": [ [ 121.4466965, 31.0279345 ], [ 121.4466746, 31.027948 ] ] } },
{ "type": "Feature", "properties": { "highway": "footway" }, "geometry": { "type": "LineString", "coordinates": [ [ 121.4472018, 31.027799 ], [ 121.4473565, 31.0277872 ] ] } },
{ "type": "Feature", "properties": { "highway": "footway" }, "geometry": { "type": "LineString", "coordinates": [ [ 121.4473565, 31.0277872 ], [ 121.4475215, 31.0277902 ] ] } },
{ "type": "Feature", "properties": { "highway": "footway" }, "geometry": { "type": "LineString", "coordinates": [ [ 121.4475215, 31.0277902 ], [ 121.4475781, 31.0278007 ] ] } },
{ "type": "Feature", "properties": { "highway": "footway" }, "geometry": { "type": "LineString", "coordinates": [ [ 121.4472018, 31.027799 ], [ 121.4472151, 31.0274767 ] ] } },
{ "type": "Feature", "properties": { "highway": "footway" }, "geometry": { "type": "LineString", "coordinates": [ [ 121.4472151, 31.0274767 ], [ 121.4472265, 31.0274037 ] ] } },
{ "type": "Feature", "properties": { "highway": "footway" }, "geometry": { "type": "LineString", "coordinates": [ [ 121.4532295, 31.0284609 ], [ 121.4546949, 31.0285934 ] ] } },
{ "type": "Feature", "properties": { "highway": "footway" }, "geometry": { "type": "LineString", "coordinates": [ [ 121.4546949, 31.0285934 ], [ 121.454914, 31.0286302 ] ] } },
{ "type": "Feature", "properties": { "highway": "footway" }, "geometry": { "type": "LineString", "coordinates": [ [ 121.454914, 31.0286302 ], [ 121.4552535, 31.0287149 ] ] } },
{ "type": "Feature", "properties": { "highway": "footway" }, "geometry": { "type": "LineString", "coordinates": [ [ 121.4552535, 31.0287149 ], [ 121.4555328, 31.0287812 ] ] } },
{ "type": "Feature", "properties": { "highway": "footway" }, "geometry": { "type": "LineString", "coordinates": [ [ 121.4555328, 31.0287812 ], [ 121.455682, 31.028815 ] ] } },
{ "type": "Feature", "properties": { "highway": "footway" }, "geometry": { "type": "LineString", "coordinates": [ [ 121.455682, 31.028815 ], [ 121.4557485, 31.0288276 ] ] } },
{ "type": "Feature", "properties": { "highway": "footway" }, "geometry": { "type": "LineString", "coordinates": [ [ 121.4481584, 31.0284619 ], [ 121.4480727, 31.0285617 ] ] } },
{ "type": "Feature", "properties": { "highway": "footway" }, "geometry": { "type": "LineString", "coordinates": [ [ 121.4480727, 31.0285617 ], [ 121.4480285, 31.0286233 ] ] } },
{ "type": "Feature", "properties": { "highway": "footway" }, "geometry": { "type": "LineString", "coordinates": [ [ 121.4446117, 31.0297421 ], [ 121.4445145, 31.0299608 ] ] } },
{ "type": "Feature", "properties": { "highway": "footway" }, "geometry": { "type": "LineString", "coordinates": [ [ 121.4446117, 31.0297421 ], [ 121.4449683, 31.0298327 ] ] } },
{ "type": "Feature", "properties": { "highway": "footway" }, "geometry": { "type": "LineString", "coordinates": [ [ 121.4449683, 31.0298327 ], [ 121.4454614, 31.0299749 ] ] } },
{ "type": "Feature", "properties": { "highway": "footway" }, "geometry": { "type": "LineString", "coordinates": [ [ 121.4454614, 31.0299749 ], [ 121.4457644, 31.0300833 ] ] } },
{ "type": "Feature", "properties": { "highway": "footway" }, "geometry": { "type": "LineString", "coordinates": [ [ 121.4475123, 31.0298756 ], [ 121.4474683, 31.0300807 ] ] } },
{ "type": "Feature", "properties": { "highway": "footway" }, "geometry": { "type": "LineString", "coordinates": [ [ 121.4474683, 31.0300807 ], [ 121.4474278, 31.0302315 ] ] } },
{ "type": "Feature", "properties": { "highway": "footway" }, "geometry": { "type": "LineString", "coordinates": [ [ 121.4474278, 31.0302315 ], [ 121.4473518, 31.030425 ] ] } },
{ "type": "Feature", "properties": { "highway": "footway" }, "geometry": { "type": "LineString", "coordinates": [ [ 121.4475123, 31.0298756 ], [ 121.4475809, 31.0296599 ] ] } },
{ "type": "Feature", "properties": { "highway": "footway" }, "geometry": { "type": "LineString", "coordinates": [ [ 121.4475809, 31.0296599 ], [ 121.4476203, 31.029538 ] ] } },
{ "type": "Feature", "properties": { "highway": "footway" }, "geometry": { "type": "LineString", "coordinates": [ [ 121.4475123, 31.0298756 ], [ 121.4476925, 31.0298611 ] ] } },
{ "type": "Feature", "properties": { "highway": "footway" }, "geometry": { "type": "LineString", "coordinates": [ [ 121.4476925, 31.0298611 ], [ 121.4478637, 31.0298575 ] ] } },
{ "type": "Feature", "properties": { "highway": "footway" }, "geometry": { "type": "LineString", "coordinates": [ [ 121.4457644, 31.0300833 ], [ 121.4458094, 31.0300837 ] ] } },
{ "type": "Feature", "properties": { "highway": "footway" }, "geometry": { "type": "LineString", "coordinates": [ [ 121.4458094, 31.0300837 ], [ 121.4458554, 31.0300988 ] ] } },
{ "type": "Feature", "properties": { "highway": "footway" }, "geometry": { "type": "LineString", "coordinates": [ [ 121.4458554, 31.0300988 ], [ 121.4458943, 31.0301299 ] ] } },
{ "type": "Feature", "properties": { "highway": "footway" }, "geometry": { "type": "LineString", "coordinates": [ [ 121.4458943, 31.0301299 ], [ 121.4459187, 31.0301861 ] ] } },
{ "type": "Feature", "properties": { "highway": "footway" }, "geometry": { "type": "LineString", "coordinates": [ [ 121.4458554, 31.0300988 ], [ 121.4459256, 31.0300294 ] ] } },
{ "type": "Feature", "properties": { "highway": "footway" }, "geometry": { "type": "LineString", "coordinates": [ [ 121.4459256, 31.0300294 ], [ 121.4459819, 31.0299389 ] ] } },
{ "type": "Feature", "properties": { "highway": "footway" }, "geometry": { "type": "LineString", "coordinates": [ [ 121.4459819, 31.0299389 ], [ 121.4460611, 31.0297443 ] ] } },
{ "type": "Feature", "properties": { "highway": "footway" }, "geometry": { "type": "LineString", "coordinates": [ [ 121.4460611, 31.0297443 ], [ 121.4461086, 31.0295754 ] ] } },
{ "type": "Feature", "properties": { "highway": "footway" }, "geometry": { "type": "LineString", "coordinates": [ [ 121.4461086, 31.0295754 ], [ 121.4461224, 31.0293633 ] ] } },
{ "type": "Feature", "properties": { "highway": "footway" }, "geometry": { "type": "LineString", "coordinates": [ [ 121.4461224, 31.0293633 ], [ 121.4461189, 31.0288949 ] ] } },
{ "type": "Feature", "properties": { "highway": "footway" }, "geometry": { "type": "LineString", "coordinates": [ [ 121.4461189, 31.0288949 ], [ 121.4461189, 31.028727 ] ] } },
{ "type": "Feature", "properties": { "highway": "footway" }, "geometry": { "type": "LineString", "coordinates": [ [ 121.4461189, 31.028727 ], [ 121.4461361, 31.0285885 ] ] } },
{ "type": "Feature", "properties": { "highway": "footway" }, "geometry": { "type": "LineString", "coordinates": [ [ 121.4461361, 31.0285885 ], [ 121.4461705, 31.0284677 ] ] } },
{ "type": "Feature", "properties": { "highway": "footway" }, "geometry": { "type": "LineString", "coordinates": [ [ 121.4461705, 31.0284677 ], [ 121.4462427, 31.0283499 ] ] } },
{ "type": "Feature", "properties": { "highway": "footway" }, "geometry": { "type": "LineString", "coordinates": [ [ 121.4462427, 31.0283499 ], [ 121.4463871, 31.028179 ] ] } },
{ "type": "Feature", "properties": { "highway": "footway" }, "geometry": { "type": "LineString", "coordinates": [ [ 121.4463871, 31.028179 ], [ 121.4465486, 31.0280259 ] ] } },
{ "type": "Feature", "properties": { "highway": "footway" }, "geometry": { "type": "LineString", "coordinates": [ [ 121.4465486, 31.0280259 ], [ 121.4466746, 31.027948 ] ] } },
{ "type": "Feature", "properties": { "highway": "footway" }, "geometry": { "type": "LineString", "coordinates": [ [ 121.4459187, 31.0301861 ], [ 121.4459049, 31.0302484 ] ] } },
{ "type": "Feature", "properties": { "highway": "footway" }, "geometry": { "type": "LineString", "coordinates": [ [ 121.4459049, 31.0302484 ], [ 121.4458477, 31.0302983 ] ] } },
{ "type": "Feature", "properties": { "highway": "footway" }, "geometry": { "type": "LineString", "coordinates": [ [ 121.4459187, 31.0301861 ], [ 121.4463686, 31.0302453 ] ] } },
{ "type": "Feature", "properties": { "highway": "footway" }, "geometry": { "type": "LineString", "coordinates": [ [ 121.4463686, 31.0302453 ], [ 121.4473518, 31.030425 ] ] } },
{ "type": "Feature", "properties": { "highway": "footway" }, "geometry": { "type": "LineString", "coordinates": [ [ 121.4458477, 31.0302983 ], [ 121.4462911, 31.0305065 ] ] } },
{ "type": "Feature", "properties": { "highway": "footway" }, "geometry": { "type": "LineString", "coordinates": [ [ 121.4462911, 31.0305065 ], [ 121.4468077, 31.030709 ] ] } },
{ "type": "Feature", "properties": { "highway": "footway" }, "geometry": { "type": "LineString", "coordinates": [ [ 121.4468077, 31.030709 ], [ 121.44720340499498, 31.030846918506349 ] ] } },
{ "type": "Feature", "properties": { "highway": "footway" }, "geometry": { "type": "LineString", "coordinates": [ [ 121.44720340499498, 31.030846918506349 ], [ 121.4473141, 31.0308855 ] ] } },
{ "type": "Feature", "properties": { "highway": "footway" }, "geometry": { "type": "LineString", "coordinates": [ [ 121.4473141, 31.0308855 ], [ 121.4472432, 31.0309954 ] ] } },
{ "type": "Feature", "properties": { "highway": "footway" }, "geometry": { "type": "LineString", "coordinates": [ [ 121.4472432, 31.0309954 ], [ 121.4471318, 31.0310967 ] ] } },
{ "type": "Feature", "properties": { "highway": "footway" }, "geometry": { "type": "LineString", "coordinates": [ [ 121.4471318, 31.0310967 ], [ 121.4470339, 31.0312182 ] ] } },
{ "type": "Feature", "properties": { "highway": "footway" }, "geometry": { "type": "LineString", "coordinates": [ [ 121.4470339, 31.0312182 ], [ 121.446963, 31.0313686 ] ] } },
{ "type": "Feature", "properties": { "highway": "footway" }, "geometry": { "type": "LineString", "coordinates": [ [ 121.4473518, 31.030425 ], [ 121.447351800000021, 31.030425 ] ] } },
{ "type": "Feature", "properties": { "highway": "footway" }, "geometry": { "type": "LineString", "coordinates": [ [ 121.447351800000021, 31.030425 ], [ 121.4478368, 31.0305234 ] ] } },
{ "type": "Feature", "properties": { "highway": "footway" }, "geometry": { "type": "LineString", "coordinates": [ [ 121.4478368, 31.0305234 ], [ 121.4488211, 31.0307968 ] ] } },
{ "type": "Feature", "properties": { "highway": "footway" }, "geometry": { "type": "LineString", "coordinates": [ [ 121.4488211, 31.0307968 ], [ 121.4488403, 31.0308021 ] ] } },
{ "type": "Feature", "properties": { "highway": "footway" }, "geometry": { "type": "LineString", "coordinates": [ [ 121.4478368, 31.0305234 ], [ 121.447913, 31.0303567 ] ] } },
{ "type": "Feature", "properties": { "highway": "footway" }, "geometry": { "type": "LineString", "coordinates": [ [ 121.447913, 31.0303567 ], [ 121.4481204, 31.0299029 ] ] } },
{ "type": "Feature", "properties": { "highway": "footway" }, "geometry": { "type": "LineString", "coordinates": [ [ 121.4545271, 31.0306734 ], [ 121.454841, 31.0306997 ] ] } },
{ "type": "Feature", "properties": { "highway": "footway" }, "geometry": { "type": "LineString", "coordinates": [ [ 121.454841, 31.0306997 ], [ 121.4549323, 31.0307162 ] ] } },
{ "type": "Feature", "properties": { "highway": "footway" }, "geometry": { "type": "LineString", "coordinates": [ [ 121.4549323, 31.0307162 ], [ 121.4550659, 31.0307405 ] ] } },
{ "type": "Feature", "properties": { "highway": "footway" }, "geometry": { "type": "LineString", "coordinates": [ [ 121.4488403, 31.0308021 ], [ 121.4489686, 31.0303717 ] ] } },
{ "type": "Feature", "properties": { "highway": "footway" }, "geometry": { "type": "LineString", "coordinates": [ [ 121.4488403, 31.0308021 ], [ 121.4493732, 31.0309818 ] ] } },
{ "type": "Feature", "properties": { "highway": "footway" }, "geometry": { "type": "LineString", "coordinates": [ [ 121.4493732, 31.0309818 ], [ 121.449533, 31.0305983 ] ] } },
{ "type": "Feature", "properties": { "highway": "footway" }, "geometry": { "type": "LineString", "coordinates": [ [ 121.4493732, 31.0309818 ], [ 121.449226, 31.0313679 ] ] } },
{ "type": "Feature", "properties": { "highway": "footway" }, "geometry": { "type": "LineString", "coordinates": [ [ 121.4493732, 31.0309818 ], [ 121.4503186, 31.0313411 ] ] } },
{ "type": "Feature", "properties": { "highway": "footway" }, "geometry": { "type": "LineString", "coordinates": [ [ 121.4503186, 31.0313411 ], [ 121.4510199, 31.0316357 ] ] } },
{ "type": "Feature", "properties": { "highway": "footway" }, "geometry": { "type": "LineString", "coordinates": [ [ 121.4510199, 31.0316357 ], [ 121.4509682, 31.0317797 ] ] } },
{ "type": "Feature", "properties": { "highway": "footway" }, "geometry": { "type": "LineString", "coordinates": [ [ 121.4510199, 31.0316357 ], [ 121.4511484, 31.0312398 ] ] } },
{ "type": "Feature", "properties": { "highway": "footway" }, "geometry": { "type": "LineString", "coordinates": [ [ 121.4511484, 31.0312398 ], [ 121.4512653, 31.0307743 ] ] } },
{ "type": "Feature", "properties": { "highway": "footway" }, "geometry": { "type": "LineString", "coordinates": [ [ 121.4512653, 31.0307743 ], [ 121.4513443, 31.0302912 ] ] } },
{ "type": "Feature", "properties": { "highway": "footway" }, "geometry": { "type": "LineString", "coordinates": [ [ 121.4513443, 31.0302912 ], [ 121.4513684, 31.0299907 ] ] } },
{ "type": "Feature", "properties": { "highway": "footway" }, "geometry": { "type": "LineString", "coordinates": [ [ 121.4513684, 31.0299907 ], [ 121.4513886, 31.0293663 ] ] } },
{ "type": "Feature", "properties": { "highway": "footway" }, "geometry": { "type": "LineString", "coordinates": [ [ 121.4486162, 31.0323566 ], [ 121.4488136, 31.0320924 ] ] } },
{ "type": "Feature", "properties": { "highway": "footway" }, "geometry": { "type": "LineString", "coordinates": [ [ 121.4486162, 31.0323566 ], [ 121.4486338, 31.0325044 ] ] } },
{ "type": "Feature", "properties": { "highway": "footway" }, "geometry": { "type": "LineString", "coordinates": [ [ 121.4486338, 31.0325044 ], [ 121.4486602, 31.0325889 ] ] } },
{ "type": "Feature", "properties": { "highway": "footway" }, "geometry": { "type": "LineString", "coordinates": [ [ 121.4486602, 31.0325889 ], [ 121.4487043, 31.0326869 ] ] } },
{ "type": "Feature", "properties": { "highway": "footway" }, "geometry": { "type": "LineString", "coordinates": [ [ 121.4487043, 31.0326869 ], [ 121.4487747, 31.0327669 ] ] } },
{ "type": "Feature", "properties": { "highway": "footway" }, "geometry": { "type": "LineString", "coordinates": [ [ 121.4487747, 31.0327669 ], [ 121.4489031, 31.0328513 ] ] } },
{ "type": "Feature", "properties": { "highway": "footway" }, "geometry": { "type": "LineString", "coordinates": [ [ 121.4489031, 31.0328513 ], [ 121.449051, 31.0329207 ] ] } },
{ "type": "Feature", "properties": { "highway": "footway" }, "geometry": { "type": "LineString", "coordinates": [ [ 121.449051, 31.0329207 ], [ 121.4491795, 31.0329463 ] ] } },
{ "type": "Feature", "properties": { "highway": "footway" }, "geometry": { "type": "LineString", "coordinates": [ [ 121.4491795, 31.0329463 ], [ 121.449352, 31.0330036 ] ] } },
{ "type": "Feature", "properties": { "highway": "footway" }, "geometry": { "type": "LineString", "coordinates": [ [ 121.449352, 31.0330036 ], [ 121.449521, 31.033076 ] ] } },
{ "type": "Feature", "properties": { "highway": "footway" }, "geometry": { "type": "LineString", "coordinates": [ [ 121.449521, 31.033076 ], [ 121.4497304, 31.0332118 ] ] } },
{ "type": "Feature", "properties": { "highway": "footway" }, "geometry": { "type": "LineString", "coordinates": [ [ 121.4497304, 31.0332118 ], [ 121.4498906, 31.0333566 ] ] } },
{ "type": "Feature", "properties": { "highway": "footway" }, "geometry": { "type": "LineString", "coordinates": [ [ 121.4498906, 31.0333566 ], [ 121.4500087, 31.0335125 ] ] } },
{ "type": "Feature", "properties": { "highway": "footway" }, "geometry": { "type": "LineString", "coordinates": [ [ 121.4500087, 31.0335125 ], [ 121.4501205, 31.0336877 ] ] } },
{ "type": "Feature", "properties": { "highway": "footway" }, "geometry": { "type": "LineString", "coordinates": [ [ 121.4486162, 31.0323566 ], [ 121.4485352, 31.0322071 ] ] } },
{ "type": "Feature", "properties": { "highway": "footway" }, "geometry": { "type": "LineString", "coordinates": [ [ 121.4485352, 31.0322071 ], [ 121.4484579, 31.0321213 ] ] } },
{ "type": "Feature", "properties": { "highway": "footway" }, "geometry": { "type": "LineString", "coordinates": [ [ 121.4486162, 31.0323566 ], [ 121.448379, 31.0326644 ] ] } },
{ "type": "Feature", "properties": { "highway": "footway" }, "geometry": { "type": "LineString", "coordinates": [ [ 121.448379, 31.0326644 ], [ 121.4482764, 31.0327972 ] ] } },
{ "type": "Feature", "properties": { "highway": "footway" }, "geometry": { "type": "LineString", "coordinates": [ [ 121.4482764, 31.0327972 ], [ 121.4480759, 31.0330586 ] ] } },
{ "type": "Feature", "properties": { "highway": "footway" }, "geometry": { "type": "LineString", "coordinates": [ [ 121.4480759, 31.0330586 ], [ 121.4479344, 31.0332425 ] ] } },
{ "type": "Feature", "properties": { "highway": "footway" }, "geometry": { "type": "LineString", "coordinates": [ [ 121.4479344, 31.0332425 ], [ 121.4477741, 31.0334097 ] ] } },
{ "type": "Feature", "properties": { "highway": "footway" }, "geometry": { "type": "LineString", "coordinates": [ [ 121.4501205, 31.0336877 ], [ 121.4499727, 31.0338998 ] ] } },
{ "type": "Feature", "properties": { "highway": "footway" }, "geometry": { "type": "LineString", "coordinates": [ [ 121.4499727, 31.0338998 ], [ 121.449764938941968, 31.034144873963054 ] ] } },
{ "type": "Feature", "properties": { "highway": "footway" }, "geometry": { "type": "LineString", "coordinates": [ [ 121.449764938941968, 31.034144873963054 ], [ 121.4497355, 31.0341796 ] ] } },
{ "type": "Feature", "properties": { "highway": "footway" }, "geometry": { "type": "LineString", "coordinates": [ [ 121.4497355, 31.0341796 ], [ 121.4494742, 31.0344388 ] ] } },
{ "type": "Feature", "properties": { "highway": "footway" }, "geometry": { "type": "LineString", "coordinates": [ [ 121.4501205, 31.0336877 ], [ 121.4503405, 31.0332606 ] ] } },
{ "type": "Feature", "properties": { "highway": "footway" }, "geometry": { "type": "LineString", "coordinates": [ [ 121.4503405, 31.0332606 ], [ 121.450557386127485, 31.032791695777277 ] ] } },
{ "type": "Feature", "properties": { "highway": "footway" }, "geometry": { "type": "LineString", "coordinates": [ [ 121.450557386127485, 31.032791695777277 ], [ 121.450643, 31.0326066 ] ] } },
{ "type": "Feature", "properties": { "highway": "footway" }, "geometry": { "type": "LineString", "coordinates": [ [ 121.450643, 31.0326066 ], [ 121.4508871, 31.0320057 ] ] } },
{ "type": "Feature", "properties": { "highway": "footway" }, "geometry": { "type": "LineString", "coordinates": [ [ 121.4508871, 31.0320057 ], [ 121.4509682, 31.0317797 ] ] } },
{ "type": "Feature", "properties": { "highway": "footway" }, "geometry": { "type": "LineString", "coordinates": [ [ 121.4501205, 31.0336877 ], [ 121.4502759, 31.0338155 ] ] } },
{ "type": "Feature", "properties": { "highway": "footway" }, "geometry": { "type": "LineString", "coordinates": [ [ 121.4502759, 31.0338155 ], [ 121.4504101, 31.033923 ] ] } },
{ "type": "Feature", "properties": { "highway": "footway" }, "geometry": { "type": "LineString", "coordinates": [ [ 121.4504101, 31.033923 ], [ 121.4505553, 31.0339833 ] ] } },
{ "type": "Feature", "properties": { "highway": "footway" }, "geometry": { "type": "LineString", "coordinates": [ [ 121.4505553, 31.0339833 ], [ 121.4507138, 31.0340229 ] ] } },
{ "type": "Feature", "properties": { "highway": "footway" }, "geometry": { "type": "LineString", "coordinates": [ [ 121.4507138, 31.0340229 ], [ 121.450859, 31.034038 ] ] } },
{ "type": "Feature", "properties": { "highway": "footway" }, "geometry": { "type": "LineString", "coordinates": [ [ 121.450859, 31.034038 ], [ 121.4510988, 31.034038 ] ] } },
{ "type": "Feature", "properties": { "highway": "footway" }, "geometry": { "type": "LineString", "coordinates": [ [ 121.4510988, 31.034038 ], [ 121.4514728, 31.0340757 ] ] } },
{ "type": "Feature", "properties": { "highway": "footway" }, "geometry": { "type": "LineString", "coordinates": [ [ 121.4527129, 31.0339367 ], [ 121.4537639, 31.0339954 ] ] } },
{ "type": "Feature", "properties": { "highway": "footway" }, "geometry": { "type": "LineString", "coordinates": [ [ 121.4537639, 31.0339954 ], [ 121.4536459, 31.0343098 ] ] } },
{ "type": "Feature", "properties": { "highway": "footway" }, "geometry": { "type": "LineString", "coordinates": [ [ 121.4537639, 31.0339954 ], [ 121.4538695, 31.0337389 ] ] } },
{ "type": "Feature", "properties": { "highway": "footway" }, "geometry": { "type": "LineString", "coordinates": [ [ 121.4538695, 31.0337389 ], [ 121.4540964, 31.0331874 ] ] } },
{ "type": "Feature", "properties": { "highway": "footway" }, "geometry": { "type": "LineString", "coordinates": [ [ 121.4540964, 31.0331874 ], [ 121.4546535, 31.0316926 ] ] } },
{ "type": "Feature", "properties": { "highway": "footway" }, "geometry": { "type": "LineString", "coordinates": [ [ 121.4514728, 31.0340757 ], [ 121.4518512, 31.0341379 ] ] } },
{ "type": "Feature", "properties": { "highway": "footway" }, "geometry": { "type": "LineString", "coordinates": [ [ 121.4518512, 31.0341379 ], [ 121.4520911, 31.0341888 ] ] } },
{ "type": "Feature", "properties": { "highway": "footway" }, "geometry": { "type": "LineString", "coordinates": [ [ 121.4520911, 31.0341888 ], [ 121.4523565, 31.0342637 ] ] } },
{ "type": "Feature", "properties": { "highway": "footway" }, "geometry": { "type": "LineString", "coordinates": [ [ 121.4523565, 31.0342637 ], [ 121.4528588, 31.0344047 ] ] } },
{ "type": "Feature", "properties": { "highway": "footway" }, "geometry": { "type": "LineString", "coordinates": [ [ 121.4514728, 31.0340757 ], [ 121.4514024, 31.0342397 ] ] } },
{ "type": "Feature", "properties": { "highway": "footway" }, "geometry": { "type": "LineString", "coordinates": [ [ 121.4514024, 31.0342397 ], [ 121.4513188, 31.0343773 ] ] } },
{ "type": "Feature", "properties": { "highway": "footway" }, "geometry": { "type": "LineString", "coordinates": [ [ 121.4513188, 31.0343773 ], [ 121.4512066, 31.0345394 ] ] } },
{ "type": "Feature", "properties": { "highway": "footway" }, "geometry": { "type": "LineString", "coordinates": [ [ 121.4528588, 31.0344047 ], [ 121.4535366, 31.034593 ] ] } },
{ "type": "Feature", "properties": { "highway": "footway" }, "geometry": { "type": "LineString", "coordinates": [ [ 121.4528588, 31.0344047 ], [ 121.4525391, 31.0352365 ] ] } },
{ "type": "Feature", "properties": { "highway": "footway" }, "geometry": { "type": "LineString", "coordinates": [ [ 121.4525391, 31.0352365 ], [ 121.4524683, 31.0354378 ] ] } },
{ "type": "Feature", "properties": { "highway": "footway" }, "geometry": { "type": "LineString", "coordinates": [ [ 121.4524683, 31.0354378 ], [ 121.452446, 31.0355022 ] ] } },
{ "type": "Feature", "properties": { "highway": "footway" }, "geometry": { "type": "LineString", "coordinates": [ [ 121.4494742, 31.0344388 ], [ 121.4491442, 31.0347275 ] ] } },
{ "type": "Feature", "properties": { "highway": "footway" }, "geometry": { "type": "LineString", "coordinates": [ [ 121.4491442, 31.0347275 ], [ 121.4489168, 31.0348902 ] ] } },
{ "type": "Feature", "properties": { "highway": "footway" }, "geometry": { "type": "LineString", "coordinates": [ [ 121.4489168, 31.0348902 ], [ 121.4486541, 31.0350635 ] ] } },
{ "type": "Feature", "properties": { "highway": "footway" }, "geometry": { "type": "LineString", "coordinates": [ [ 121.4486541, 31.0350635 ], [ 121.4483995, 31.0352062 ] ] } },
{ "type": "Feature", "properties": { "highway": "footway" }, "geometry": { "type": "LineString", "coordinates": [ [ 121.4494742, 31.0344388 ], [ 121.4495439, 31.0344951 ] ] } },
{ "type": "Feature", "properties": { "highway": "footway" }, "geometry": { "type": "LineString", "coordinates": [ [ 121.4495439, 31.0344951 ], [ 121.4497698, 31.0346774 ] ] } },
{ "type": "Feature", "properties": { "highway": "footway" }, "geometry": { "type": "LineString", "coordinates": [ [ 121.4497698, 31.0346774 ], [ 121.4498799, 31.0347481 ] ] } },
{ "type": "Feature", "properties": { "highway": "footway" }, "geometry": { "type": "LineString", "coordinates": [ [ 121.4498799, 31.0347481 ], [ 121.4501433, 31.0348514 ] ] } },
{ "type": "Feature", "properties": { "highway": "footway" }, "geometry": { "type": "LineString", "coordinates": [ [ 121.4501433, 31.0348514 ], [ 121.4505391, 31.0349739 ] ] } },
{ "type": "Feature", "properties": { "highway": "footway" }, "geometry": { "type": "LineString", "coordinates": [ [ 121.4505391, 31.0349739 ], [ 121.4509873, 31.0349985 ] ] } },
{ "type": "Feature", "properties": { "highway": "footway" }, "geometry": { "type": "LineString", "coordinates": [ [ 121.4474838, 31.0344677 ], [ 121.4483555, 31.0351342 ] ] } },
{ "type": "Feature", "properties": { "highway": "footway" }, "geometry": { "type": "LineString", "coordinates": [ [ 121.4483555, 31.0351342 ], [ 121.4483995, 31.0352062 ] ] } },
{ "type": "Feature", "properties": { "highway": "footway" }, "geometry": { "type": "LineString", "coordinates": [ [ 121.4474838, 31.0344677 ], [ 121.4474838, 31.0345146 ] ] } },
{ "type": "Feature", "properties": { "highway": "footway" }, "geometry": { "type": "LineString", "coordinates": [ [ 121.4474838, 31.0345146 ], [ 121.4473019, 31.0346875 ] ] } },
{ "type": "Feature", "properties": { "highway": "footway" }, "geometry": { "type": "LineString", "coordinates": [ [ 121.4473019, 31.0346875 ], [ 121.4470659, 31.0347794 ] ] } },
{ "type": "Feature", "properties": { "highway": "footway" }, "geometry": { "type": "LineString", "coordinates": [ [ 121.4470659, 31.0347794 ], [ 121.4468728, 31.034715 ] ] } },
{ "type": "Feature", "properties": { "highway": "footway" }, "geometry": { "type": "LineString", "coordinates": [ [ 121.4468728, 31.034715 ], [ 121.4467006, 31.0345514 ] ] } },
{ "type": "Feature", "properties": { "highway": "footway" }, "geometry": { "type": "LineString", "coordinates": [ [ 121.4474838, 31.0344677 ], [ 121.4474838, 31.0343216 ] ] } },
{ "type": "Feature", "properties": { "highway": "footway" }, "geometry": { "type": "LineString", "coordinates": [ [ 121.4474838, 31.0343216 ], [ 121.4473872, 31.0341469 ] ] } },
{ "type": "Feature", "properties": { "highway": "footway" }, "geometry": { "type": "LineString", "coordinates": [ [ 121.4473872, 31.0341469 ], [ 121.4471839, 31.0340256 ] ] } },
{ "type": "Feature", "properties": { "highway": "footway" }, "geometry": { "type": "LineString", "coordinates": [ [ 121.4535366, 31.034593 ], [ 121.4536459, 31.0343098 ] ] } },
{ "type": "Feature", "properties": { "highway": "footway" }, "geometry": { "type": "LineString", "coordinates": [ [ 121.4535366, 31.034593 ], [ 121.4532429, 31.0353611 ] ] } },
{ "type": "Feature", "properties": { "highway": "footway" }, "geometry": { "type": "LineString", "coordinates": [ [ 121.4532429, 31.0353611 ], [ 121.4531303, 31.0356556 ] ] } },
{ "type": "Feature", "properties": { "highway": "footway" }, "geometry": { "type": "LineString", "coordinates": [ [ 121.4531303, 31.0356556 ], [ 121.4528399, 31.0364491 ] ] } },
{ "type": "Feature", "properties": { "highway": "footway" }, "geometry": { "type": "LineString", "coordinates": [ [ 121.4528399, 31.0364491 ], [ 121.4527309, 31.0367276 ] ] } },
{ "type": "Feature", "properties": { "highway": "footway" }, "geometry": { "type": "LineString", "coordinates": [ [ 121.4527309, 31.0367276 ], [ 121.4526283, 31.0369942 ] ] } },
{ "type": "Feature", "properties": { "highway": "footway" }, "geometry": { "type": "LineString", "coordinates": [ [ 121.4526283, 31.0369942 ], [ 121.45257434272844, 31.037137310391397 ] ] } },
{ "type": "Feature", "properties": { "highway": "footway" }, "geometry": { "type": "LineString", "coordinates": [ [ 121.45257434272844, 31.037137310391397 ], [ 121.4525541, 31.037191 ] ] } },
{ "type": "Feature", "properties": { "highway": "footway" }, "geometry": { "type": "LineString", "coordinates": [ [ 121.4483995, 31.0352062 ], [ 121.4479547, 31.035408 ] ] } },
{ "type": "Feature", "properties": { "highway": "footway" }, "geometry": { "type": "LineString", "coordinates": [ [ 121.4479547, 31.035408 ], [ 121.4474081, 31.0355818 ] ] } },
{ "type": "Feature", "properties": { "highway": "footway" }, "geometry": { "type": "LineString", "coordinates": [ [ 121.4474081, 31.0355818 ], [ 121.447212664438766, 31.035619134456855 ] ] } },
{ "type": "Feature", "properties": { "highway": "footway" }, "geometry": { "type": "LineString", "coordinates": [ [ 121.447212664438766, 31.035619134456855 ], [ 121.4468684, 31.0356849 ] ] } },
{ "type": "Feature", "properties": { "highway": "footway" }, "geometry": { "type": "LineString", "coordinates": [ [ 121.4468684, 31.0356849 ], [ 121.4464835, 31.0357311 ] ] } },
{ "type": "Feature", "properties": { "highway": "footway" }, "geometry": { "type": "LineString", "coordinates": [ [ 121.4483995, 31.0352062 ], [ 121.4484841, 31.0353137 ] ] } },
{ "type": "Feature", "properties": { "highway": "footway" }, "geometry": { "type": "LineString", "coordinates": [ [ 121.4484841, 31.0353137 ], [ 121.4485838, 31.0354787 ] ] } },
{ "type": "Feature", "properties": { "highway": "footway" }, "geometry": { "type": "LineString", "coordinates": [ [ 121.4485838, 31.0354787 ], [ 121.4486182, 31.0355523 ] ] } },
{ "type": "Feature", "properties": { "highway": "footway" }, "geometry": { "type": "LineString", "coordinates": [ [ 121.4486182, 31.0355523 ], [ 121.4486433, 31.0356157 ] ] } },
{ "type": "Feature", "properties": { "highway": "footway" }, "geometry": { "type": "LineString", "coordinates": [ [ 121.452446, 31.0355022 ], [ 121.4524297, 31.0355839 ] ] } },
{ "type": "Feature", "properties": { "highway": "footway" }, "geometry": { "type": "LineString", "coordinates": [ [ 121.4524297, 31.0355839 ], [ 121.4524201, 31.0357904 ] ] } },
{ "type": "Feature", "properties": { "highway": "footway" }, "geometry": { "type": "LineString", "coordinates": [ [ 121.452446, 31.0355022 ], [ 121.4521984, 31.0353253 ] ] } },
{ "type": "Feature", "properties": { "highway": "footway" }, "geometry": { "type": "LineString", "coordinates": [ [ 121.4521984, 31.0353253 ], [ 121.4518932, 31.0351088 ] ] } },
{ "type": "Feature", "properties": { "highway": "footway" }, "geometry": { "type": "LineString", "coordinates": [ [ 121.4518932, 31.0351088 ], [ 121.4517025, 31.0349985 ] ] } },
{ "type": "Feature", "properties": { "highway": "footway" }, "geometry": { "type": "LineString", "coordinates": [ [ 121.4517025, 31.0349985 ], [ 121.451445, 31.0349453 ] ] } },
{ "type": "Feature", "properties": { "highway": "footway" }, "geometry": { "type": "LineString", "coordinates": [ [ 121.451445, 31.0349453 ], [ 121.4511446, 31.0349658 ] ] } },
{ "type": "Feature", "properties": { "highway": "footway" }, "geometry": { "type": "LineString", "coordinates": [ [ 121.4511446, 31.0349658 ], [ 121.4509873, 31.0349985 ] ] } },
{ "type": "Feature", "properties": { "highway": "footway" }, "geometry": { "type": "LineString", "coordinates": [ [ 121.452446, 31.0355022 ], [ 121.4526561, 31.0356522 ] ] } },
{ "type": "Feature", "properties": { "highway": "footway" }, "geometry": { "type": "LineString", "coordinates": [ [ 121.4526561, 31.0356522 ], [ 121.452305, 31.036714 ] ] } },
{ "type": "Feature", "properties": { "highway": "footway" }, "geometry": { "type": "LineString", "coordinates": [ [ 121.452305, 31.036714 ], [ 121.4522004, 31.0368807 ] ] } },
{ "type": "Feature", "properties": { "highway": "footway" }, "geometry": { "type": "LineString", "coordinates": [ [ 121.4522004, 31.0368807 ], [ 121.452079, 31.0369226 ] ] } },
{ "type": "Feature", "properties": { "highway": "footway" }, "geometry": { "type": "LineString", "coordinates": [ [ 121.452079, 31.0369226 ], [ 121.4518884, 31.036935 ] ] } },
{ "type": "Feature", "properties": { "highway": "footway" }, "geometry": { "type": "LineString", "coordinates": [ [ 121.4518884, 31.036935 ], [ 121.448994, 31.0365859 ] ] } },
{ "type": "Feature", "properties": { "highway": "footway" }, "geometry": { "type": "LineString", "coordinates": [ [ 121.4453482, 31.0356608 ], [ 121.4457855, 31.0357762 ] ] } },
{ "type": "Feature", "properties": { "highway": "footway" }, "geometry": { "type": "LineString", "coordinates": [ [ 121.4457855, 31.0357762 ], [ 121.4463046, 31.0357526 ] ] } },
{ "type": "Feature", "properties": { "highway": "footway" }, "geometry": { "type": "LineString", "coordinates": [ [ 121.4463046, 31.0357526 ], [ 121.4464835, 31.0357311 ] ] } },
{ "type": "Feature", "properties": { "highway": "footway" }, "geometry": { "type": "LineString", "coordinates": [ [ 121.4525541, 31.037191 ], [ 121.4523512, 31.0377622 ] ] } },
{ "type": "Feature", "properties": { "highway": "footway" }, "geometry": { "type": "LineString", "coordinates": [ [ 121.4523512, 31.0377622 ], [ 121.4519753, 31.0387627 ] ] } },
{ "type": "Feature", "properties": { "highway": "footway" }, "geometry": { "type": "LineString", "coordinates": [ [ 121.4519753, 31.0387627 ], [ 121.4516056, 31.039684 ] ] } },
{ "type": "Feature", "properties": { "highway": "footway" }, "geometry": { "type": "LineString", "coordinates": [ [ 121.4516056, 31.039684 ], [ 121.4514122, 31.0401887 ] ] } },
{ "type": "Feature", "properties": { "highway": "footway" }, "geometry": { "type": "LineString", "coordinates": [ [ 121.4525541, 31.037191 ], [ 121.452514463512301, 31.03726513268116 ] ] } },
{ "type": "Feature", "properties": { "highway": "footway" }, "geometry": { "type": "LineString", "coordinates": [ [ 121.452514463512301, 31.03726513268116 ], [ 121.4521593, 31.0379294 ] ] } },
{ "type": "Feature", "properties": { "highway": "footway" }, "geometry": { "type": "LineString", "coordinates": [ [ 121.4521593, 31.0379294 ], [ 121.4520604, 31.0380847 ] ] } },
{ "type": "Feature", "properties": { "highway": "footway" }, "geometry": { "type": "LineString", "coordinates": [ [ 121.4520604, 31.0380847 ], [ 121.4520012, 31.0382211 ] ] } },
{ "type": "Feature", "properties": { "highway": "footway" }, "geometry": { "type": "LineString", "coordinates": [ [ 121.4520012, 31.0382211 ], [ 121.4517857, 31.0388004 ] ] } },
{ "type": "Feature", "properties": { "highway": "footway" }, "geometry": { "type": "LineString", "coordinates": [ [ 121.4517857, 31.0388004 ], [ 121.4515449, 31.0394119 ] ] } },
{ "type": "Feature", "properties": { "highway": "footway" }, "geometry": { "type": "LineString", "coordinates": [ [ 121.4515449, 31.0394119 ], [ 121.4514885, 31.0397043 ] ] } },
{ "type": "Feature", "properties": { "highway": "footway" }, "geometry": { "type": "LineString", "coordinates": [ [ 121.4514885, 31.0397043 ], [ 121.4514339, 31.0399357 ] ] } },
{ "type": "Feature", "properties": { "highway": "footway" }, "geometry": { "type": "LineString", "coordinates": [ [ 121.4482253, 31.0391669 ], [ 121.4475548, 31.038987 ] ] } },
{ "type": "Feature", "properties": { "highway": "footway" }, "geometry": { "type": "LineString", "coordinates": [ [ 121.4482253, 31.0391669 ], [ 121.4493324, 31.0395214 ] ] } },
{ "type": "Feature", "properties": { "highway": "footway" }, "geometry": { "type": "LineString", "coordinates": [ [ 121.4493324, 31.0395214 ], [ 121.4502686, 31.0398263 ] ] } },
{ "type": "Feature", "properties": { "highway": "footway" }, "geometry": { "type": "LineString", "coordinates": [ [ 121.4502686, 31.0398263 ], [ 121.451139, 31.0401009 ] ] } },
{ "type": "Feature", "properties": { "highway": "footway" }, "geometry": { "type": "LineString", "coordinates": [ [ 121.451139, 31.0401009 ], [ 121.4513432, 31.0401634 ] ] } },
{ "type": "Feature", "properties": { "highway": "footway" }, "geometry": { "type": "LineString", "coordinates": [ [ 121.4482253, 31.0391669 ], [ 121.4482744, 31.0390428 ] ] } },
{ "type": "Feature", "properties": { "highway": "footway" }, "geometry": { "type": "LineString", "coordinates": [ [ 121.4482744, 31.0390428 ], [ 121.4483432, 31.0389044 ] ] } },
{ "type": "Feature", "properties": { "highway": "footway" }, "geometry": { "type": "LineString", "coordinates": [ [ 121.4483432, 31.0389044 ], [ 121.4484669, 31.0386776 ] ] } },
{ "type": "Feature", "properties": { "highway": "footway" }, "geometry": { "type": "LineString", "coordinates": [ [ 121.4484669, 31.0386776 ], [ 121.4486285, 31.0383565 ] ] } },
{ "type": "Feature", "properties": { "highway": "footway" }, "geometry": { "type": "LineString", "coordinates": [ [ 121.4486285, 31.0383565 ], [ 121.448766, 31.0379441 ] ] } },
{ "type": "Feature", "properties": { "highway": "footway" }, "geometry": { "type": "LineString", "coordinates": [ [ 121.448766, 31.0379441 ], [ 121.4487851, 31.0378647 ] ] } },
{ "type": "Feature", "properties": { "highway": "footway" }, "geometry": { "type": "LineString", "coordinates": [ [ 121.4610318, 31.0395603 ], [ 121.4607091, 31.0408897 ] ] } },
{ "type": "Feature", "properties": { "highway": "footway" }, "geometry": { "type": "LineString", "coordinates": [ [ 121.4610318, 31.0395603 ], [ 121.4611337, 31.0390646 ] ] } },
{ "type": "Feature", "properties": { "highway": "footway" }, "geometry": { "type": "LineString", "coordinates": [ [ 121.4611337, 31.0390646 ], [ 121.4611551, 31.0387843 ] ] } },
{ "type": "Feature", "properties": { "highway": "footway" }, "geometry": { "type": "LineString", "coordinates": [ [ 121.4611551, 31.0387843 ], [ 121.4611337, 31.0385728 ] ] } },
{ "type": "Feature", "properties": { "highway": "footway" }, "geometry": { "type": "LineString", "coordinates": [ [ 121.4611337, 31.0385728 ], [ 121.4610157, 31.0384211 ] ] } },
{ "type": "Feature", "properties": { "highway": "footway" }, "geometry": { "type": "LineString", "coordinates": [ [ 121.4610157, 31.0384211 ], [ 121.460783, 31.0383523 ] ] } },
{ "type": "Feature", "properties": { "highway": "footway" }, "geometry": { "type": "LineString", "coordinates": [ [ 121.460783, 31.0383523 ], [ 121.4581673, 31.0380405 ] ] } },
{ "type": "Feature", "properties": { "highway": "footway" }, "geometry": { "type": "LineString", "coordinates": [ [ 121.4581673, 31.0380405 ], [ 121.456415, 31.0378347 ] ] } },
{ "type": "Feature", "properties": { "highway": "footway" }, "geometry": { "type": "LineString", "coordinates": [ [ 121.456415, 31.0378347 ], [ 121.4543298, 31.037574 ] ] } },
{ "type": "Feature", "properties": { "highway": "footway" }, "geometry": { "type": "LineString", "coordinates": [ [ 121.4543298, 31.037574 ], [ 121.4528411, 31.037403 ] ] } },
{ "type": "Feature", "properties": { "highway": "footway" }, "geometry": { "type": "LineString", "coordinates": [ [ 121.4610318, 31.0395603 ], [ 121.4611929, 31.039578 ] ] } },
{ "type": "Feature", "properties": { "highway": "footway" }, "geometry": { "type": "LineString", "coordinates": [ [ 121.4611929, 31.039578 ], [ 121.463979, 31.0399126 ] ] } },
{ "type": "Feature", "properties": { "highway": "footway" }, "geometry": { "type": "LineString", "coordinates": [ [ 121.463979, 31.0399126 ], [ 121.464038, 31.0399184 ] ] } },
{ "type": "Feature", "properties": { "highway": "footway" }, "geometry": { "type": "LineString", "coordinates": [ [ 121.464038, 31.0399184 ], [ 121.4640768, 31.0399235 ] ] } },
{ "type": "Feature", "properties": { "highway": "footway" }, "geometry": { "type": "LineString", "coordinates": [ [ 121.464215, 31.0399414 ], [ 121.4643718, 31.0388091 ] ] } },
{ "type": "Feature", "properties": { "highway": "footway" }, "geometry": { "type": "LineString", "coordinates": [ [ 121.464215, 31.0399414 ], [ 121.4640768, 31.0399235 ] ] } },
{ "type": "Feature", "properties": { "highway": "footway" }, "geometry": { "type": "LineString", "coordinates": [ [ 121.464215, 31.0399414 ], [ 121.4642044, 31.0400338 ] ] } },
{ "type": "Feature", "properties": { "highway": "footway" }, "geometry": { "type": "LineString", "coordinates": [ [ 121.4642044, 31.0400338 ], [ 121.4640735, 31.0412189 ] ] } },
{ "type": "Feature", "properties": { "highway": "footway" }, "geometry": { "type": "LineString", "coordinates": [ [ 121.4513432, 31.0401634 ], [ 121.4514122, 31.0401887 ] ] } },
{ "type": "Feature", "properties": { "highway": "footway" }, "geometry": { "type": "LineString", "coordinates": [ [ 121.4513432, 31.0401634 ], [ 121.4514339, 31.0399357 ] ] } },
{ "type": "Feature", "properties": { "highway": "footway" }, "geometry": { "type": "LineString", "coordinates": [ [ 121.4607091, 31.0408897 ], [ 121.4599327, 31.0407786 ] ] } },
{ "type": "Feature", "properties": { "highway": "footway" }, "geometry": { "type": "LineString", "coordinates": [ [ 121.4552551, 31.0415105 ], [ 121.455458, 31.0410518 ] ] } },
{ "type": "Feature", "properties": { "highway": "footway" }, "geometry": { "type": "LineString", "coordinates": [ [ 121.4552551, 31.0415105 ], [ 121.4553289, 31.0415343 ] ] } },
{ "type": "Feature", "properties": { "highway": "footway" }, "geometry": { "type": "LineString", "coordinates": [ [ 121.4553289, 31.0415343 ], [ 121.4563763, 31.0418721 ] ] } },
{ "type": "Feature", "properties": { "highway": "footway" }, "geometry": { "type": "LineString", "coordinates": [ [ 121.4563763, 31.0418721 ], [ 121.4565161, 31.0419172 ] ] } },
{ "type": "Feature", "properties": { "highway": "footway" }, "geometry": { "type": "LineString", "coordinates": [ [ 121.4552551, 31.0415105 ], [ 121.4552011, 31.0414931 ] ] } },
{ "type": "Feature", "properties": { "highway": "footway" }, "geometry": { "type": "LineString", "coordinates": [ [ 121.4552011, 31.0414931 ], [ 121.4541476, 31.0411461 ] ] } },
{ "type": "Feature", "properties": { "highway": "footway" }, "geometry": { "type": "LineString", "coordinates": [ [ 121.4650124, 31.0357544 ], [ 121.4646371, 31.0356932 ] ] } },
{ "type": "Feature", "properties": { "highway": "footway" }, "geometry": { "type": "LineString", "coordinates": [ [ 121.4650124, 31.0357544 ], [ 121.4646813, 31.0378241 ] ] } },
{ "type": "Feature", "properties": { "highway": "footway" }, "geometry": { "type": "LineString", "coordinates": [ [ 121.4646813, 31.0378241 ], [ 121.4644424, 31.0383526 ] ] } },
{ "type": "Feature", "properties": { "highway": "footway" }, "geometry": { "type": "LineString", "coordinates": [ [ 121.4650124, 31.0357544 ], [ 121.4658416, 31.0358549 ] ] } },
{ "type": "Feature", "properties": { "highway": "footway" }, "geometry": { "type": "LineString", "coordinates": [ [ 121.4658416, 31.0358549 ], [ 121.4669239, 31.035986 ] ] } },
{ "type": "Feature", "properties": { "highway": "footway" }, "geometry": { "type": "LineString", "coordinates": [ [ 121.4650124, 31.0357544 ], [ 121.4649469, 31.0352159 ] ] } },
{ "type": "Feature", "properties": { "highway": "footway" }, "geometry": { "type": "LineString", "coordinates": [ [ 121.4649469, 31.0352159 ], [ 121.4650023, 31.0348859 ] ] } },
{ "type": "Feature", "properties": { "highway": "footway" }, "geometry": { "type": "LineString", "coordinates": [ [ 121.4650023, 31.0348859 ], [ 121.4650372, 31.0346367 ] ] } },
{ "type": "Feature", "properties": { "highway": "footway" }, "geometry": { "type": "LineString", "coordinates": [ [ 121.4650372, 31.0346367 ], [ 121.4651441, 31.0338748 ] ] } },
{ "type": "Feature", "properties": { "highway": "footway" }, "geometry": { "type": "LineString", "coordinates": [ [ 121.4471839, 31.0340256 ], [ 121.4476737, 31.0335146 ] ] } },
{ "type": "Feature", "properties": { "highway": "footway" }, "geometry": { "type": "LineString", "coordinates": [ [ 121.4471839, 31.0340256 ], [ 121.4467006, 31.0345514 ] ] } },
{ "type": "Feature", "properties": { "highway": "footway" }, "geometry": { "type": "LineString", "coordinates": [ [ 121.4467006, 31.0345514 ], [ 121.4466456, 31.0335402 ] ] } },
{ "type": "Feature", "properties": { "highway": "footway" }, "geometry": { "type": "LineString", "coordinates": [ [ 121.4466456, 31.0335402 ], [ 121.4466824, 31.0328729 ] ] } },
{ "type": "Feature", "properties": { "highway": "footway" }, "geometry": { "type": "LineString", "coordinates": [ [ 121.4466824, 31.0328729 ], [ 121.4467085, 31.0327312 ] ] } },
{ "type": "Feature", "properties": { "highway": "footway" }, "geometry": { "type": "LineString", "coordinates": [ [ 121.4467006, 31.0345514 ], [ 121.4465396, 31.0347812 ] ] } },
{ "type": "Feature", "properties": { "highway": "footway" }, "geometry": { "type": "LineString", "coordinates": [ [ 121.4465396, 31.0347812 ], [ 121.4464543, 31.035239 ] ] } },
{ "type": "Feature", "properties": { "highway": "footway" }, "geometry": { "type": "LineString", "coordinates": [ [ 121.4464543, 31.035239 ], [ 121.4464835, 31.0357311 ] ] } },
{ "type": "Feature", "properties": { "highway": "footway" }, "geometry": { "type": "LineString", "coordinates": [ [ 121.4469683, 31.0316312 ], [ 121.4468638, 31.0316358 ] ] } },
{ "type": "Feature", "properties": { "highway": "footway" }, "geometry": { "type": "LineString", "coordinates": [ [ 121.4469683, 31.0316312 ], [ 121.4473121, 31.0316463 ] ] } },
{ "type": "Feature", "properties": { "highway": "footway" }, "geometry": { "type": "LineString", "coordinates": [ [ 121.4473121, 31.0316463 ], [ 121.4476125, 31.0318026 ] ] } },
{ "type": "Feature", "properties": { "highway": "footway" }, "geometry": { "type": "LineString", "coordinates": [ [ 121.4476125, 31.0318026 ], [ 121.4478491, 31.0319479 ] ] } },
{ "type": "Feature", "properties": { "highway": "footway" }, "geometry": { "type": "LineString", "coordinates": [ [ 121.4478491, 31.0319479 ], [ 121.4480309, 31.0320141 ] ] } },
{ "type": "Feature", "properties": { "highway": "footway" }, "geometry": { "type": "LineString", "coordinates": [ [ 121.4480309, 31.0320141 ], [ 121.4482241, 31.0320141 ] ] } },
{ "type": "Feature", "properties": { "highway": "footway" }, "geometry": { "type": "LineString", "coordinates": [ [ 121.4482241, 31.0320141 ], [ 121.4484177, 31.0320766 ] ] } },
{ "type": "Feature", "properties": { "highway": "footway" }, "geometry": { "type": "LineString", "coordinates": [ [ 121.4484177, 31.0320766 ], [ 121.4484579, 31.0321213 ] ] } },
{ "type": "Feature", "properties": { "highway": "footway" }, "geometry": { "type": "LineString", "coordinates": [ [ 121.4469683, 31.0316312 ], [ 121.446885, 31.0318721 ] ] } },
{ "type": "Feature", "properties": { "highway": "footway" }, "geometry": { "type": "LineString", "coordinates": [ [ 121.446885, 31.0318721 ], [ 121.4467737, 31.0324019 ] ] } },
{ "type": "Feature", "properties": { "highway": "footway" }, "geometry": { "type": "LineString", "coordinates": [ [ 121.4467737, 31.0324019 ], [ 121.4467507, 31.0325018 ] ] } },
{ "type": "Feature", "properties": { "highway": "footway" }, "geometry": { "type": "LineString", "coordinates": [ [ 121.4467507, 31.0325018 ], [ 121.4467085, 31.0327312 ] ] } },
{ "type": "Feature", "properties": { "highway": "footway" }, "geometry": { "type": "LineString", "coordinates": [ [ 121.4449523, 31.032003 ], [ 121.445459528703182, 31.03197590602494 ] ] } },
{ "type": "Feature", "properties": { "highway": "footway" }, "geometry": { "type": "LineString", "coordinates": [ [ 121.445459528703182, 31.03197590602494 ], [ 121.4457779, 31.0319589 ] ] } },
{ "type": "Feature", "properties": { "highway": "footway" }, "geometry": { "type": "LineString", "coordinates": [ [ 121.4457779, 31.0319589 ], [ 121.4462183, 31.0318468 ] ] } },
{ "type": "Feature", "properties": { "highway": "footway" }, "geometry": { "type": "LineString", "coordinates": [ [ 121.4462183, 31.0318468 ], [ 121.4466147, 31.0316739 ] ] } },
{ "type": "Feature", "properties": { "highway": "footway" }, "geometry": { "type": "LineString", "coordinates": [ [ 121.4466147, 31.0316739 ], [ 121.4468638, 31.0316358 ] ] } },
{ "type": "Feature", "properties": { "highway": "footway" }, "geometry": { "type": "LineString", "coordinates": [ [ 121.4499841, 31.0290064 ], [ 121.4499605, 31.0291393 ] ] } },
{ "type": "Feature", "properties": { "highway": "footway" }, "geometry": { "type": "LineString", "coordinates": [ [ 121.449533, 31.0305983 ], [ 121.4498232, 31.0297139 ] ] } },
{ "type": "Feature", "properties": { "highway": "footway" }, "geometry": { "type": "LineString", "coordinates": [ [ 121.4498232, 31.0297139 ], [ 121.4498799, 31.0295002 ] ] } },
{ "type": "Feature", "properties": { "highway": "footway" }, "geometry": { "type": "LineString", "coordinates": [ [ 121.449533, 31.0305983 ], [ 121.4492604, 31.030512 ] ] } },
{ "type": "Feature", "properties": { "highway": "footway" }, "geometry": { "type": "LineString", "coordinates": [ [ 121.4492604, 31.030512 ], [ 121.4489686, 31.0303717 ] ] } },
{ "type": "Feature", "properties": { "highway": "footway" }, "geometry": { "type": "LineString", "coordinates": [ [ 121.4492004, 31.0314349 ], [ 121.449226, 31.0313679 ] ] } },
{ "type": "Feature", "properties": { "highway": "footway" }, "geometry": { "type": "LineString", "coordinates": [ [ 121.4492004, 31.0314349 ], [ 121.4490138, 31.0317543 ] ] } },
{ "type": "Feature", "properties": { "highway": "footway" }, "geometry": { "type": "LineString", "coordinates": [ [ 121.4492004, 31.0314349 ], [ 121.4509682, 31.0317797 ] ] } },
{ "type": "Feature", "properties": { "highway": "footway" }, "geometry": { "type": "LineString", "coordinates": [ [ 121.4475548, 31.038987 ], [ 121.4475375, 31.0390669 ] ] } },
{ "type": "Feature", "properties": { "highway": "footway" }, "geometry": { "type": "LineString", "coordinates": [ [ 121.4444265, 31.0380657 ], [ 121.4434743, 31.040226 ] ] } },
{ "type": "Feature", "properties": { "highway": "footway" }, "geometry": { "type": "LineString", "coordinates": [ [ 121.4434743, 31.040226 ], [ 121.4433965, 31.0403432 ] ] } },
{ "type": "Feature", "properties": { "highway": "footway" }, "geometry": { "type": "LineString", "coordinates": [ [ 121.4433965, 31.0403432 ], [ 121.4433736, 31.0403619 ] ] } },
{ "type": "Feature", "properties": { "highway": "footway" }, "geometry": { "type": "LineString", "coordinates": [ [ 121.4433736, 31.0403619 ], [ 121.4432892, 31.0404305 ] ] } },
{ "type": "Feature", "properties": { "highway": "footway" }, "geometry": { "type": "LineString", "coordinates": [ [ 121.4444265, 31.0380657 ], [ 121.4450077, 31.0382483 ] ] } },
{ "type": "Feature", "properties": { "highway": "footway" }, "geometry": { "type": "LineString", "coordinates": [ [ 121.4450077, 31.0382483 ], [ 121.4453212, 31.0383543 ] ] } },
{ "type": "Feature", "properties": { "highway": "footway" }, "geometry": { "type": "LineString", "coordinates": [ [ 121.4453212, 31.0383543 ], [ 121.4475375, 31.0390669 ] ] } },
{ "type": "Feature", "properties": { "highway": "footway" }, "geometry": { "type": "LineString", "coordinates": [ [ 121.4432892, 31.0404305 ], [ 121.4430442, 31.0402053 ] ] } },
{ "type": "Feature", "properties": { "highway": "footway" }, "geometry": { "type": "LineString", "coordinates": [ [ 121.4430442, 31.0402053 ], [ 121.4428107, 31.0400093 ] ] } },
{ "type": "Feature", "properties": { "highway": "footway" }, "geometry": { "type": "LineString", "coordinates": [ [ 121.4428107, 31.0400093 ], [ 121.4427173, 31.0399452 ] ] } },
{ "type": "Feature", "properties": { "highway": "footway" }, "geometry": { "type": "LineString", "coordinates": [ [ 121.4427173, 31.0399452 ], [ 121.4423253, 31.0398732 ] ] } },
{ "type": "Feature", "properties": { "highway": "footway" }, "geometry": { "type": "LineString", "coordinates": [ [ 121.4487703, 31.0303992 ], [ 121.4486511, 31.0302242 ] ] } },
{ "type": "Feature", "properties": { "highway": "footway" }, "geometry": { "type": "LineString", "coordinates": [ [ 121.4489269, 31.031903 ], [ 121.4490138, 31.0317543 ] ] } },
{ "type": "Feature", "properties": { "highway": "footway" }, "geometry": { "type": "LineString", "coordinates": [ [ 121.4489269, 31.031903 ], [ 121.4491146, 31.0319575 ] ] } },
{ "type": "Feature", "properties": { "highway": "footway" }, "geometry": { "type": "LineString", "coordinates": [ [ 121.4489269, 31.031903 ], [ 121.4488254, 31.0320766 ] ] } },
{ "type": "Feature", "properties": { "highway": "footway" }, "geometry": { "type": "LineString", "coordinates": [ [ 121.4488254, 31.0320766 ], [ 121.4488136, 31.0320924 ] ] } },
{ "type": "Feature", "properties": { "highway": "footway" }, "geometry": { "type": "LineString", "coordinates": [ [ 121.4490138, 31.0317543 ], [ 121.4498754, 31.0319814 ] ] } },
{ "type": "Feature", "properties": { "highway": "footway" }, "geometry": { "type": "LineString", "coordinates": [ [ 121.4488136, 31.0320924 ], [ 121.449437, 31.0324565 ] ] } },
{ "type": "Feature", "properties": { "highway": "footway" }, "geometry": { "type": "LineString", "coordinates": [ [ 121.4503673, 31.032743 ], [ 121.4496574, 31.0325547 ] ] } },
{ "type": "Feature", "properties": { "highway": "footway" }, "geometry": { "type": "LineString", "coordinates": [ [ 121.4491146, 31.0319575 ], [ 121.4498053, 31.032158 ] ] } },
{ "type": "Feature", "properties": { "highway": "footway" }, "geometry": { "type": "LineString", "coordinates": [ [ 121.4491146, 31.0319575 ], [ 121.449437, 31.0324565 ] ] } },
{ "type": "Feature", "properties": { "highway": "footway" }, "geometry": { "type": "LineString", "coordinates": [ [ 121.449437, 31.0324565 ], [ 121.4495018, 31.0324943 ] ] } },
{ "type": "Feature", "properties": { "highway": "footway" }, "geometry": { "type": "LineString", "coordinates": [ [ 121.4496574, 31.0325547 ], [ 121.4497163, 31.0323968 ] ] } },
{ "type": "Feature", "properties": { "highway": "footway" }, "geometry": { "type": "LineString", "coordinates": [ [ 121.4496574, 31.0325547 ], [ 121.4495618, 31.0325293 ] ] } },
{ "type": "Feature", "properties": { "highway": "footway" }, "geometry": { "type": "LineString", "coordinates": [ [ 121.4495618, 31.0325293 ], [ 121.4495018, 31.0324943 ] ] } },
{ "type": "Feature", "properties": { "highway": "footway" }, "geometry": { "type": "LineString", "coordinates": [ [ 121.4498053, 31.032158 ], [ 121.4498754, 31.0319814 ] ] } },
{ "type": "Feature", "properties": { "highway": "footway" }, "geometry": { "type": "LineString", "coordinates": [ [ 121.4498053, 31.032158 ], [ 121.4500652, 31.0322335 ] ] } },
{ "type": "Feature", "properties": { "highway": "footway" }, "geometry": { "type": "LineString", "coordinates": [ [ 121.4500652, 31.0322335 ], [ 121.4501539, 31.0320548 ] ] } },
{ "type": "Feature", "properties": { "highway": "footway" }, "geometry": { "type": "LineString", "coordinates": [ [ 121.4501539, 31.0320548 ], [ 121.4498754, 31.0319814 ] ] } },
{ "type": "Feature", "properties": { "highway": "footway" }, "geometry": { "type": "LineString", "coordinates": [ [ 121.4498053, 31.032158 ], [ 121.4497163, 31.0323968 ] ] } },
{ "type": "Feature", "properties": { "highway": "footway" }, "geometry": { "type": "LineString", "coordinates": [ [ 121.4495018, 31.0324943 ], [ 121.4495066, 31.0324287 ] ] } },
{ "type": "Feature", "properties": { "highway": "footway" }, "geometry": { "type": "LineString", "coordinates": [ [ 121.4495066, 31.0324287 ], [ 121.4495306, 31.0323855 ] ] } },
{ "type": "Feature", "properties": { "highway": "footway" }, "geometry": { "type": "LineString", "coordinates": [ [ 121.4495306, 31.0323855 ], [ 121.4495953, 31.0323588 ] ] } },
{ "type": "Feature", "properties": { "highway": "footway" }, "geometry": { "type": "LineString", "coordinates": [ [ 121.4495953, 31.0323588 ], [ 121.4496721, 31.0323711 ] ] } },
{ "type": "Feature", "properties": { "highway": "footway" }, "geometry": { "type": "LineString", "coordinates": [ [ 121.4496721, 31.0323711 ], [ 121.4497163, 31.0323968 ] ] } },
{ "type": "Feature", "properties": { "highway": "footway" }, "geometry": { "type": "LineString", "coordinates": [ [ 121.4484579, 31.0321213 ], [ 121.4487457, 31.0313831 ] ] } },
{ "type": "Feature", "properties": { "highway": "footway" }, "geometry": { "type": "LineString", "coordinates": [ [ 121.4487457, 31.0313831 ], [ 121.448858117690946, 31.031344933499991 ] ] } },
{ "type": "Feature", "properties": { "highway": "footway" }, "geometry": { "type": "LineString", "coordinates": [ [ 121.448858117690946, 31.031344933499991 ], [ 121.4489077, 31.0313281 ] ] } },
{ "type": "Feature", "properties": { "highway": "footway" }, "geometry": { "type": "LineString", "coordinates": [ [ 121.4489077, 31.0313281 ], [ 121.4491272, 31.031331 ] ] } },
{ "type": "Feature", "properties": { "highway": "footway" }, "geometry": { "type": "LineString", "coordinates": [ [ 121.4491272, 31.031331 ], [ 121.449226, 31.0313679 ] ] } },
{ "type": "Feature", "properties": { "highway": "footway" }, "geometry": { "type": "LineString", "coordinates": [ [ 121.4468638, 31.0316358 ], [ 121.446963, 31.0313686 ] ] } },
{ "type": "Feature", "properties": { "highway": "footway" }, "geometry": { "type": "LineString", "coordinates": [ [ 121.446963, 31.0313686 ], [ 121.4466929, 31.0312934 ] ] } },
{ "type": "Feature", "properties": { "highway": "footway" }, "geometry": { "type": "LineString", "coordinates": [ [ 121.4448977, 31.0310918 ], [ 121.4452074, 31.0311603 ] ] } },
{ "type": "Feature", "properties": { "highway": "footway" }, "geometry": { "type": "LineString", "coordinates": [ [ 121.4448977, 31.0310918 ], [ 121.4450056, 31.0309432 ] ] } },
{ "type": "Feature", "properties": { "highway": "footway" }, "geometry": { "type": "LineString", "coordinates": [ [ 121.4450056, 31.0309432 ], [ 121.4452868, 31.030674 ] ] } },
{ "type": "Feature", "properties": { "highway": "footway" }, "geometry": { "type": "LineString", "coordinates": [ [ 121.4452074, 31.0311603 ], [ 121.4452377, 31.0310446 ] ] } },
{ "type": "Feature", "properties": { "highway": "footway" }, "geometry": { "type": "LineString", "coordinates": [ [ 121.4452377, 31.0310446 ], [ 121.4453154, 31.0309665 ] ] } },
{ "type": "Feature", "properties": { "highway": "footway" }, "geometry": { "type": "LineString", "coordinates": [ [ 121.4452074, 31.0311603 ], [ 121.4455484, 31.0312558 ] ] } },
{ "type": "Feature", "properties": { "highway": "footway" }, "geometry": { "type": "LineString", "coordinates": [ [ 121.4455484, 31.0312558 ], [ 121.4459535, 31.0312384 ] ] } },
{ "type": "Feature", "properties": { "highway": "footway" }, "geometry": { "type": "LineString", "coordinates": [ [ 121.4453154, 31.0309665 ], [ 121.4453998, 31.0308074 ] ] } },
{ "type": "Feature", "properties": { "highway": "footway" }, "geometry": { "type": "LineString", "coordinates": [ [ 121.4453998, 31.0308074 ], [ 121.4452868, 31.030674 ] ] } },
{ "type": "Feature", "properties": { "highway": "footway" }, "geometry": { "type": "LineString", "coordinates": [ [ 121.4453154, 31.0309665 ], [ 121.4456733, 31.0310562 ] ] } },
{ "type": "Feature", "properties": { "highway": "footway" }, "geometry": { "type": "LineString", "coordinates": [ [ 121.4456733, 31.0310562 ], [ 121.4459468, 31.0310562 ] ] } },
{ "type": "Feature", "properties": { "highway": "footway" }, "geometry": { "type": "LineString", "coordinates": [ [ 121.4459535, 31.0312384 ], [ 121.4459468, 31.0310562 ] ] } },
{ "type": "Feature", "properties": { "highway": "footway" }, "geometry": { "type": "LineString", "coordinates": [ [ 121.4459535, 31.0312384 ], [ 121.4462169, 31.0312905 ] ] } },
{ "type": "Feature", "properties": { "highway": "footway" }, "geometry": { "type": "LineString", "coordinates": [ [ 121.4462169, 31.0312905 ], [ 121.446541, 31.0313542 ] ] } },
{ "type": "Feature", "properties": { "highway": "footway" }, "geometry": { "type": "LineString", "coordinates": [ [ 121.446541, 31.0313542 ], [ 121.4466355, 31.0313455 ] ] } },
{ "type": "Feature", "properties": { "highway": "footway" }, "geometry": { "type": "LineString", "coordinates": [ [ 121.4466355, 31.0313455 ], [ 121.4466929, 31.0312934 ] ] } },
{ "type": "Feature", "properties": { "highway": "footway" }, "geometry": { "type": "LineString", "coordinates": [ [ 121.4466929, 31.0312934 ], [ 121.4467015, 31.0312235 ] ] } },
{ "type": "Feature", "properties": { "highway": "footway" }, "geometry": { "type": "LineString", "coordinates": [ [ 121.4467015, 31.0312235 ], [ 121.4466693, 31.0311574 ] ] } },
{ "type": "Feature", "properties": { "highway": "footway" }, "geometry": { "type": "LineString", "coordinates": [ [ 121.4466693, 31.0311574 ], [ 121.4463181, 31.0310562 ] ] } },
{ "type": "Feature", "properties": { "highway": "footway" }, "geometry": { "type": "LineString", "coordinates": [ [ 121.4463181, 31.0310562 ], [ 121.4459468, 31.0310562 ] ] } },
{ "type": "Feature", "properties": { "highway": "footway" }, "geometry": { "type": "LineString", "coordinates": [ [ 121.4486511, 31.0302242 ], [ 121.4489686, 31.0303717 ] ] } },
{ "type": "Feature", "properties": { "highway": "footway" }, "geometry": { "type": "LineString", "coordinates": [ [ 121.4486511, 31.0302242 ], [ 121.4485612, 31.0300408 ] ] } },
{ "type": "Feature", "properties": { "highway": "footway" }, "geometry": { "type": "LineString", "coordinates": [ [ 121.4485612, 31.0300408 ], [ 121.4485156, 31.0298394 ] ] } },
{ "type": "Feature", "properties": { "highway": "footway" }, "geometry": { "type": "LineString", "coordinates": [ [ 121.4489464, 31.0292964 ], [ 121.4489078, 31.0291461 ] ] } },
{ "type": "Feature", "properties": { "highway": "footway" }, "geometry": { "type": "LineString", "coordinates": [ [ 121.4489078, 31.0291461 ], [ 121.448788, 31.0290214 ] ] } },
{ "type": "Feature", "properties": { "highway": "footway" }, "geometry": { "type": "LineString", "coordinates": [ [ 121.448788, 31.0290214 ], [ 121.4485732, 31.0289125 ] ] } },
{ "type": "Feature", "properties": { "highway": "footway" }, "geometry": { "type": "LineString", "coordinates": [ [ 121.4489464, 31.0292964 ], [ 121.4489421, 31.0294394 ] ] } },
{ "type": "Feature", "properties": { "highway": "footway" }, "geometry": { "type": "LineString", "coordinates": [ [ 121.4489421, 31.0294394 ], [ 121.4488822, 31.0295128 ] ] } },
{ "type": "Feature", "properties": { "highway": "footway" }, "geometry": { "type": "LineString", "coordinates": [ [ 121.4488822, 31.0295128 ], [ 121.4487623, 31.0295458 ] ] } },
{ "type": "Feature", "properties": { "highway": "footway" }, "geometry": { "type": "LineString", "coordinates": [ [ 121.4487623, 31.0295458 ], [ 121.448604, 31.0295678 ] ] } },
{ "type": "Feature", "properties": { "highway": "footway" }, "geometry": { "type": "LineString", "coordinates": [ [ 121.448604, 31.0295678 ], [ 121.4485227, 31.0296448 ] ] } },
{ "type": "Feature", "properties": { "highway": "footway" }, "geometry": { "type": "LineString", "coordinates": [ [ 121.4485227, 31.0296448 ], [ 121.4485056, 31.0297951 ] ] } },
{ "type": "Feature", "properties": { "highway": "footway" }, "geometry": { "type": "LineString", "coordinates": [ [ 121.4485056, 31.0297951 ], [ 121.4485156, 31.0298394 ] ] } },
{ "type": "Feature", "properties": { "highway": "footway" }, "geometry": { "type": "LineString", "coordinates": [ [ 121.4489464, 31.0292964 ], [ 121.4491133, 31.0291964 ] ] } },
{ "type": "Feature", "properties": { "highway": "footway" }, "geometry": { "type": "LineString", "coordinates": [ [ 121.4491133, 31.0291964 ], [ 121.449323, 31.0291827 ] ] } },
{ "type": "Feature", "properties": { "highway": "footway" }, "geometry": { "type": "LineString", "coordinates": [ [ 121.4485732, 31.0289125 ], [ 121.4481204, 31.0299029 ] ] } },
{ "type": "Feature", "properties": { "highway": "footway" }, "geometry": { "type": "LineString", "coordinates": [ [ 121.4485732, 31.0289125 ], [ 121.4486858, 31.0286661 ] ] } },
{ "type": "Feature", "properties": { "highway": "footway" }, "geometry": { "type": "LineString", "coordinates": [ [ 121.4486858, 31.0286661 ], [ 121.4487968, 31.0284233 ] ] } },
{ "type": "Feature", "properties": { "highway": "footway" }, "geometry": { "type": "LineString", "coordinates": [ [ 121.4487968, 31.0284233 ], [ 121.448896, 31.0282063 ] ] } },
{ "type": "Feature", "properties": { "highway": "footway" }, "geometry": { "type": "LineString", "coordinates": [ [ 121.4478637, 31.0298575 ], [ 121.4481204, 31.0299029 ] ] } },
{ "type": "Feature", "properties": { "highway": "footway" }, "geometry": { "type": "LineString", "coordinates": [ [ 121.4478637, 31.0298575 ], [ 121.4477224, 31.0297108 ] ] } },
{ "type": "Feature", "properties": { "highway": "footway" }, "geometry": { "type": "LineString", "coordinates": [ [ 121.4477224, 31.0297108 ], [ 121.4476203, 31.029538 ] ] } },
{ "type": "Feature", "properties": { "highway": "footway" }, "geometry": { "type": "LineString", "coordinates": [ [ 121.4481204, 31.0299029 ], [ 121.448286, 31.0299365 ] ] } },
{ "type": "Feature", "properties": { "highway": "footway" }, "geometry": { "type": "LineString", "coordinates": [ [ 121.448286, 31.0299365 ], [ 121.4485156, 31.0298394 ] ] } },
{ "type": "Feature", "properties": { "highway": "footway" }, "geometry": { "type": "LineString", "coordinates": [ [ 121.4476203, 31.029538 ], [ 121.4476848, 31.0293386 ] ] } },
{ "type": "Feature", "properties": { "highway": "footway" }, "geometry": { "type": "LineString", "coordinates": [ [ 121.4476848, 31.0293386 ], [ 121.4478168, 31.0290143 ] ] } },
{ "type": "Feature", "properties": { "highway": "footway" }, "geometry": { "type": "LineString", "coordinates": [ [ 121.4478168, 31.0290143 ], [ 121.4479171, 31.0288062 ] ] } },
{ "type": "Feature", "properties": { "highway": "footway" }, "geometry": { "type": "LineString", "coordinates": [ [ 121.4479171, 31.0288062 ], [ 121.4479958, 31.0286689 ] ] } },
{ "type": "Feature", "properties": { "highway": "footway" }, "geometry": { "type": "LineString", "coordinates": [ [ 121.4479958, 31.0286689 ], [ 121.4480285, 31.0286233 ] ] } },
{ "type": "Feature", "properties": { "highway": "footway" }, "geometry": { "type": "LineString", "coordinates": [ [ 121.449323, 31.0291827 ], [ 121.4489686, 31.0303717 ] ] } },
{ "type": "Feature", "properties": { "highway": "footway" }, "geometry": { "type": "LineString", "coordinates": [ [ 121.449323, 31.0291827 ], [ 121.4495626, 31.0292304 ] ] } },
{ "type": "Feature", "properties": { "highway": "footway" }, "geometry": { "type": "LineString", "coordinates": [ [ 121.449323, 31.0291827 ], [ 121.449409, 31.0288942 ] ] } },
{ "type": "Feature", "properties": { "highway": "footway" }, "geometry": { "type": "LineString", "coordinates": [ [ 121.449409, 31.0288942 ], [ 121.4494882, 31.0286283 ] ] } },
{ "type": "Feature", "properties": { "highway": "footway" }, "geometry": { "type": "LineString", "coordinates": [ [ 121.4494882, 31.0286283 ], [ 121.449558, 31.0283942 ] ] } },
{ "type": "Feature", "properties": { "highway": "footway" }, "geometry": { "type": "LineString", "coordinates": [ [ 121.4495626, 31.0292304 ], [ 121.4497937, 31.0293881 ] ] } },
{ "type": "Feature", "properties": { "highway": "footway" }, "geometry": { "type": "LineString", "coordinates": [ [ 121.4497937, 31.0293881 ], [ 121.4498799, 31.0295002 ] ] } },
{ "type": "Feature", "properties": { "highway": "footway" }, "geometry": { "type": "LineString", "coordinates": [ [ 121.4495626, 31.0292304 ], [ 121.4497637, 31.0292011 ] ] } },
{ "type": "Feature", "properties": { "highway": "footway" }, "geometry": { "type": "LineString", "coordinates": [ [ 121.4497637, 31.0292011 ], [ 121.4499605, 31.0291393 ] ] } },
{ "type": "Feature", "properties": { "highway": "footway" }, "geometry": { "type": "LineString", "coordinates": [ [ 121.4498799, 31.0295002 ], [ 121.44993, 31.0293112 ] ] } },
{ "type": "Feature", "properties": { "highway": "footway" }, "geometry": { "type": "LineString", "coordinates": [ [ 121.44993, 31.0293112 ], [ 121.4499351, 31.0292823 ] ] } },
{ "type": "Feature", "properties": { "highway": "footway" }, "geometry": { "type": "LineString", "coordinates": [ [ 121.4499605, 31.0291393 ], [ 121.4499351, 31.0292823 ] ] } },
{ "type": "Feature", "properties": { "highway": "footway" }, "geometry": { "type": "LineString", "coordinates": [ [ 121.4499351, 31.0292823 ], [ 121.450932, 31.0294761 ] ] } },
{ "type": "Feature", "properties": { "highway": "footway" }, "geometry": { "type": "LineString", "coordinates": [ [ 121.450932, 31.0294761 ], [ 121.4509748, 31.0293037 ] ] } },
{ "type": "Feature", "properties": { "highway": "footway" }, "geometry": { "type": "LineString", "coordinates": [ [ 121.4509748, 31.0293037 ], [ 121.4512287, 31.0293421 ] ] } },
{ "type": "Feature", "properties": { "highway": "footway" }, "geometry": { "type": "LineString", "coordinates": [ [ 121.450932, 31.0294761 ], [ 121.451009, 31.0294798 ] ] } },
{ "type": "Feature", "properties": { "highway": "footway" }, "geometry": { "type": "LineString", "coordinates": [ [ 121.451009, 31.0294798 ], [ 121.4510989, 31.0294431 ] ] } },
{ "type": "Feature", "properties": { "highway": "footway" }, "geometry": { "type": "LineString", "coordinates": [ [ 121.4510989, 31.0294431 ], [ 121.4512287, 31.0293421 ] ] } },
{ "type": "Feature", "properties": { "highway": "footway" }, "geometry": { "type": "LineString", "coordinates": [ [ 121.4513886, 31.0293663 ], [ 121.4512287, 31.0293421 ] ] } },
{ "type": "Feature", "properties": { "highway": "footway" }, "geometry": { "type": "LineString", "coordinates": [ [ 121.4513886, 31.0293663 ], [ 121.4513959, 31.0291423 ] ] } },
{ "type": "Feature", "properties": { "highway": "footway" }, "geometry": { "type": "LineString", "coordinates": [ [ 121.4513959, 31.0291423 ], [ 121.4513443, 31.028998 ] ] } },
{ "type": "Feature", "properties": { "highway": "footway" }, "geometry": { "type": "LineString", "coordinates": [ [ 121.4513443, 31.028998 ], [ 121.4512687, 31.0288831 ] ] } },
{ "type": "Feature", "properties": { "highway": "footway" }, "geometry": { "type": "LineString", "coordinates": [ [ 121.4512687, 31.0288831 ], [ 121.4511484, 31.0287977 ] ] } },
{ "type": "Feature", "properties": { "highway": "footway" }, "geometry": { "type": "LineString", "coordinates": [ [ 121.4511484, 31.0287977 ], [ 121.4510715, 31.0287515 ] ] } },
{ "type": "Feature", "properties": { "highway": "footway" }, "geometry": { "type": "LineString", "coordinates": [ [ 121.4509873, 31.0349985 ], [ 121.4509526, 31.0357398 ] ] } },
{ "type": "Feature", "properties": { "highway": "footway" }, "geometry": { "type": "LineString", "coordinates": [ [ 121.448994, 31.0365859 ], [ 121.4489963, 31.0366746 ] ] } },
{ "type": "Feature", "properties": { "highway": "footway" }, "geometry": { "type": "LineString", "coordinates": [ [ 121.4489963, 31.0366746 ], [ 121.448962, 31.0369485 ] ] } },
{ "type": "Feature", "properties": { "highway": "footway" }, "geometry": { "type": "LineString", "coordinates": [ [ 121.448962, 31.0369485 ], [ 121.4489104, 31.0373432 ] ] } },
{ "type": "Feature", "properties": { "highway": "footway" }, "geometry": { "type": "LineString", "coordinates": [ [ 121.4489104, 31.0373432 ], [ 121.4488681, 31.037519 ] ] } },
{ "type": "Feature", "properties": { "highway": "footway" }, "geometry": { "type": "LineString", "coordinates": [ [ 121.448994, 31.0365859 ], [ 121.4489929, 31.036545 ] ] } },
{ "type": "Feature", "properties": { "highway": "footway" }, "geometry": { "type": "LineString", "coordinates": [ [ 121.4489929, 31.036545 ], [ 121.4489723, 31.0363977 ] ] } },
{ "type": "Feature", "properties": { "highway": "footway" }, "geometry": { "type": "LineString", "coordinates": [ [ 121.4489723, 31.0363977 ], [ 121.4489345, 31.0362828 ] ] } },
{ "type": "Feature", "properties": { "highway": "footway" }, "geometry": { "type": "LineString", "coordinates": [ [ 121.4489345, 31.0362828 ], [ 121.4488451, 31.0361267 ] ] } },
{ "type": "Feature", "properties": { "highway": "footway" }, "geometry": { "type": "LineString", "coordinates": [ [ 121.4488451, 31.0361267 ], [ 121.4487729, 31.0359617 ] ] } },
{ "type": "Feature", "properties": { "highway": "footway" }, "geometry": { "type": "LineString", "coordinates": [ [ 121.4487729, 31.0359617 ], [ 121.4486801, 31.0357084 ] ] } },
{ "type": "Feature", "properties": { "highway": "footway" }, "geometry": { "type": "LineString", "coordinates": [ [ 121.4486801, 31.0357084 ], [ 121.4486433, 31.0356157 ] ] } },
{ "type": "Feature", "properties": { "highway": "footway" }, "geometry": { "type": "LineString", "coordinates": [ [ 121.450568, 31.0278925 ], [ 121.4505501, 31.028017 ] ] } },
{ "type": "Feature", "properties": { "highway": "footway" }, "geometry": { "type": "LineString", "coordinates": [ [ 121.4505501, 31.028017 ], [ 121.450579, 31.0281399 ] ] } },
{ "type": "Feature", "properties": { "highway": "footway" }, "geometry": { "type": "LineString", "coordinates": [ [ 121.450579, 31.0281399 ], [ 121.4506517, 31.0282488 ] ] } },
{ "type": "Feature", "properties": { "highway": "footway" }, "geometry": { "type": "LineString", "coordinates": [ [ 121.4506517, 31.0282488 ], [ 121.4507609, 31.0283323 ] ] } },
{ "type": "Feature", "properties": { "highway": "footway" }, "geometry": { "type": "LineString", "coordinates": [ [ 121.4507609, 31.0283323 ], [ 121.4508953, 31.0283819 ] ] } },
{ "type": "Feature", "properties": { "highway": "footway" }, "geometry": { "type": "LineString", "coordinates": [ [ 121.4508953, 31.0283819 ], [ 121.4510411, 31.0283926 ] ] } },
{ "type": "Feature", "properties": { "highway": "footway" }, "geometry": { "type": "LineString", "coordinates": [ [ 121.4510411, 31.0283926 ], [ 121.4511193, 31.0283765 ] ] } },
{ "type": "Feature", "properties": { "highway": "footway" }, "geometry": { "type": "LineString", "coordinates": [ [ 121.450568, 31.0278925 ], [ 121.4506355, 31.0277738 ] ] } },
{ "type": "Feature", "properties": { "highway": "footway" }, "geometry": { "type": "LineString", "coordinates": [ [ 121.4506355, 31.0277738 ], [ 121.4507452, 31.0276811 ] ] } },
{ "type": "Feature", "properties": { "highway": "footway" }, "geometry": { "type": "LineString", "coordinates": [ [ 121.4507452, 31.0276811 ], [ 121.4508846, 31.0276249 ] ] } },
{ "type": "Feature", "properties": { "highway": "footway" }, "geometry": { "type": "LineString", "coordinates": [ [ 121.4508846, 31.0276249 ], [ 121.4510379, 31.0276115 ] ] } },
{ "type": "Feature", "properties": { "highway": "footway" }, "geometry": { "type": "LineString", "coordinates": [ [ 121.4510379, 31.0276115 ], [ 121.4511876, 31.0276426 ] ] } },
{ "type": "Feature", "properties": { "highway": "footway" }, "geometry": { "type": "LineString", "coordinates": [ [ 121.4511876, 31.0276426 ], [ 121.4513168, 31.0277146 ] ] } },
{ "type": "Feature", "properties": { "highway": "footway" }, "geometry": { "type": "LineString", "coordinates": [ [ 121.4513168, 31.0277146 ], [ 121.4514107, 31.0278193 ] ] } },
{ "type": "Feature", "properties": { "highway": "footway" }, "geometry": { "type": "LineString", "coordinates": [ [ 121.4514107, 31.0278193 ], [ 121.4514587, 31.0279447 ] ] } },
{ "type": "Feature", "properties": { "highway": "footway" }, "geometry": { "type": "LineString", "coordinates": [ [ 121.4514587, 31.0279447 ], [ 121.4514553, 31.0280767 ] ] } },
{ "type": "Feature", "properties": { "highway": "footway" }, "geometry": { "type": "LineString", "coordinates": [ [ 121.4514553, 31.0280767 ], [ 121.4514009, 31.0282003 ] ] } },
{ "type": "Feature", "properties": { "highway": "footway" }, "geometry": { "type": "LineString", "coordinates": [ [ 121.4514009, 31.0282003 ], [ 121.4513076, 31.0282969 ] ] } },
{ "type": "Feature", "properties": { "highway": "footway" }, "geometry": { "type": "LineString", "coordinates": [ [ 121.4513076, 31.0282969 ], [ 121.4511834, 31.0283633 ] ] } },
{ "type": "Feature", "properties": { "highway": "footway" }, "geometry": { "type": "LineString", "coordinates": [ [ 121.4511834, 31.0283633 ], [ 121.4511193, 31.0283765 ] ] } },
{ "type": "Feature", "properties": { "highway": "footway" }, "geometry": { "type": "LineString", "coordinates": [ [ 121.450568, 31.0278925 ], [ 121.4503466, 31.0278348 ] ] } },
{ "type": "Feature", "properties": { "highway": "footway" }, "geometry": { "type": "LineString", "coordinates": [ [ 121.4503466, 31.0278348 ], [ 121.4500544, 31.0277587 ] ] } },
{ "type": "Feature", "properties": { "highway": "footway" }, "geometry": { "type": "LineString", "coordinates": [ [ 121.4500544, 31.0277587 ], [ 121.4497695, 31.0276845 ] ] } },
{ "type": "Feature", "properties": { "highway": "footway" }, "geometry": { "type": "LineString", "coordinates": [ [ 121.4497695, 31.0276845 ], [ 121.449558, 31.0283942 ] ] } },
{ "type": "Feature", "properties": { "highway": "footway" }, "geometry": { "type": "LineString", "coordinates": [ [ 121.4510715, 31.0287515 ], [ 121.4510453, 31.0287358 ] ] } },
{ "type": "Feature", "properties": { "highway": "footway" }, "geometry": { "type": "LineString", "coordinates": [ [ 121.4510453, 31.0287358 ], [ 121.4508699, 31.0286739 ] ] } },
{ "type": "Feature", "properties": { "highway": "footway" }, "geometry": { "type": "LineString", "coordinates": [ [ 121.4508699, 31.0286739 ], [ 121.4504918, 31.028565 ] ] } },
{ "type": "Feature", "properties": { "highway": "footway" }, "geometry": { "type": "LineString", "coordinates": [ [ 121.4504918, 31.028565 ], [ 121.4500999, 31.0284972 ] ] } },
{ "type": "Feature", "properties": { "highway": "footway" }, "geometry": { "type": "LineString", "coordinates": [ [ 121.4500999, 31.0284972 ], [ 121.4497364, 31.0284413 ] ] } },
{ "type": "Feature", "properties": { "highway": "footway" }, "geometry": { "type": "LineString", "coordinates": [ [ 121.4497364, 31.0284413 ], [ 121.449558, 31.0283942 ] ] } },
{ "type": "Feature", "properties": { "highway": "footway" }, "geometry": { "type": "LineString", "coordinates": [ [ 121.4510715, 31.0287515 ], [ 121.4511195, 31.0286643 ] ] } },
{ "type": "Feature", "properties": { "highway": "footway" }, "geometry": { "type": "LineString", "coordinates": [ [ 121.4511195, 31.0286643 ], [ 121.4511193, 31.0283765 ] ] } },
{ "type": "Feature", "properties": { "highway": "footway" }, "geometry": { "type": "LineString", "coordinates": [ [ 121.4589871, 31.0419893 ], [ 121.4585939, 31.0419226 ] ] } },
{ "type": "Feature", "properties": { "highway": "footway" }, "geometry": { "type": "LineString", "coordinates": [ [ 121.4589871, 31.0419893 ], [ 121.4590042, 31.0418464 ] ] } },
{ "type": "Feature", "properties": { "highway": "footway" }, "geometry": { "type": "LineString", "coordinates": [ [ 121.4590042, 31.0418464 ], [ 121.4589983, 31.0417802 ] ] } },
{ "type": "Feature", "properties": { "highway": "footway" }, "geometry": { "type": "LineString", "coordinates": [ [ 121.4582445, 31.0399889 ], [ 121.4578445, 31.0403346 ] ] } },
{ "type": "Feature", "properties": { "highway": "footway" }, "geometry": { "type": "LineString", "coordinates": [ [ 121.4578445, 31.0403346 ], [ 121.4575083, 31.0405105 ] ] } },
{ "type": "Feature", "properties": { "highway": "footway" }, "geometry": { "type": "LineString", "coordinates": [ [ 121.4575083, 31.0405105 ], [ 121.4574349, 31.0405286 ] ] } },
{ "type": "Feature", "properties": { "highway": "footway" }, "geometry": { "type": "LineString", "coordinates": [ [ 121.4555707, 31.040797 ], [ 121.455458, 31.0410518 ] ] } },
{ "type": "Feature", "properties": { "highway": "footway" }, "geometry": { "type": "LineString", "coordinates": [ [ 121.4555707, 31.040797 ], [ 121.4545523, 31.0404763 ] ] } },
{ "type": "Feature", "properties": { "highway": "footway" }, "geometry": { "type": "LineString", "coordinates": [ [ 121.4555707, 31.040797 ], [ 121.4555901, 31.0407531 ] ] } },
{ "type": "Feature", "properties": { "highway": "footway" }, "geometry": { "type": "LineString", "coordinates": [ [ 121.4555901, 31.0407531 ], [ 121.4558237, 31.040741 ] ] } },
{ "type": "Feature", "properties": { "highway": "footway" }, "geometry": { "type": "LineString", "coordinates": [ [ 121.4558237, 31.040741 ], [ 121.4562094, 31.0407167 ] ] } },
{ "type": "Feature", "properties": { "highway": "footway" }, "geometry": { "type": "LineString", "coordinates": [ [ 121.4562094, 31.0407167 ], [ 121.4566518, 31.0406924 ] ] } },
{ "type": "Feature", "properties": { "highway": "footway" }, "geometry": { "type": "LineString", "coordinates": [ [ 121.4566518, 31.0406924 ], [ 121.4568996, 31.0406803 ] ] } },
{ "type": "Feature", "properties": { "highway": "footway" }, "geometry": { "type": "LineString", "coordinates": [ [ 121.4568996, 31.0406803 ], [ 121.4571402, 31.0406015 ] ] } },
{ "type": "Feature", "properties": { "highway": "footway" }, "geometry": { "type": "LineString", "coordinates": [ [ 121.4571402, 31.0406015 ], [ 121.4574349, 31.0405286 ] ] } },
{ "type": "Feature", "properties": { "highway": "footway" }, "geometry": { "type": "LineString", "coordinates": [ [ 121.4534949, 31.0400587 ], [ 121.4525888, 31.03981 ] ] } },
{ "type": "Feature", "properties": { "highway": "footway" }, "geometry": { "type": "LineString", "coordinates": [ [ 121.4534949, 31.0400587 ], [ 121.4541602, 31.0403528 ] ] } },
{ "type": "Feature", "properties": { "highway": "footway" }, "geometry": { "type": "LineString", "coordinates": [ [ 121.4541602, 31.0403528 ], [ 121.4545523, 31.0404763 ] ] } },
{ "type": "Feature", "properties": { "highway": "footway" }, "geometry": { "type": "LineString", "coordinates": [ [ 121.4534949, 31.0400587 ], [ 121.4533816, 31.0398585 ] ] } },
{ "type": "Feature", "properties": { "highway": "footway" }, "geometry": { "type": "LineString", "coordinates": [ [ 121.4533816, 31.0398585 ], [ 121.4533391, 31.0397372 ] ] } },
{ "type": "Feature", "properties": { "highway": "footway" }, "geometry": { "type": "LineString", "coordinates": [ [ 121.4533391, 31.0397372 ], [ 121.453325, 31.0395674 ] ] } },
{ "type": "Feature", "properties": { "highway": "footway" }, "geometry": { "type": "LineString", "coordinates": [ [ 121.453325, 31.0395674 ], [ 121.4533462, 31.0394158 ] ] } },
{ "type": "Feature", "properties": { "highway": "footway" }, "geometry": { "type": "LineString", "coordinates": [ [ 121.4533462, 31.0394158 ], [ 121.4534453, 31.0392581 ] ] } },
{ "type": "Feature", "properties": { "highway": "footway" }, "geometry": { "type": "LineString", "coordinates": [ [ 121.4534453, 31.0392581 ], [ 121.4535798, 31.0390701 ] ] } },
{ "type": "Feature", "properties": { "highway": "footway" }, "geometry": { "type": "LineString", "coordinates": [ [ 121.4535798, 31.0390701 ], [ 121.4536506, 31.0388639 ] ] } },
{ "type": "Feature", "properties": { "highway": "footway" }, "geometry": { "type": "LineString", "coordinates": [ [ 121.4536506, 31.0388639 ], [ 121.453778, 31.0384363 ] ] } },
{ "type": "Feature", "properties": { "highway": "footway" }, "geometry": { "type": "LineString", "coordinates": [ [ 121.453778, 31.0384363 ], [ 121.4543933, 31.0384989 ] ] } },
{ "type": "Feature", "properties": { "highway": "footway" }, "geometry": { "type": "LineString", "coordinates": [ [ 121.4543933, 31.0384989 ], [ 121.4553176, 31.0385411 ] ] } },
{ "type": "Feature", "properties": { "highway": "footway" }, "geometry": { "type": "LineString", "coordinates": [ [ 121.453778, 31.0384363 ], [ 121.4527665, 31.0382032 ] ] } },
{ "type": "Feature", "properties": { "highway": "footway" }, "geometry": { "type": "LineString", "coordinates": [ [ 121.4527665, 31.0382032 ], [ 121.4528035, 31.0379815 ] ] } },
{ "type": "Feature", "properties": { "highway": "footway" }, "geometry": { "type": "LineString", "coordinates": [ [ 121.4528035, 31.0379815 ], [ 121.4526379, 31.037934 ] ] } },
{ "type": "Feature", "properties": { "highway": "footway" }, "geometry": { "type": "LineString", "coordinates": [ [ 121.4553176, 31.0385411 ], [ 121.4559708, 31.0385623 ] ] } },
{ "type": "Feature", "properties": { "highway": "footway" }, "geometry": { "type": "LineString", "coordinates": [ [ 121.4553176, 31.0385411 ], [ 121.4553299, 31.0386679 ] ] } },
{ "type": "Feature", "properties": { "highway": "footway" }, "geometry": { "type": "LineString", "coordinates": [ [ 121.4553299, 31.0386679 ], [ 121.4552067, 31.0391325 ] ] } },
{ "type": "Feature", "properties": { "highway": "footway" }, "geometry": { "type": "LineString", "coordinates": [ [ 121.4552067, 31.0391325 ], [ 121.4551204, 31.0394281 ] ] } },
{ "type": "Feature", "properties": { "highway": "footway" }, "geometry": { "type": "LineString", "coordinates": [ [ 121.4551204, 31.0394281 ], [ 121.4549602, 31.0397449 ] ] } },
{ "type": "Feature", "properties": { "highway": "footway" }, "geometry": { "type": "LineString", "coordinates": [ [ 121.4549602, 31.0397449 ], [ 121.4548739, 31.03984 ] ] } },
{ "type": "Feature", "properties": { "highway": "footway" }, "geometry": { "type": "LineString", "coordinates": [ [ 121.4548739, 31.03984 ], [ 121.4547754, 31.0399772 ] ] } },
{ "type": "Feature", "properties": { "highway": "footway" }, "geometry": { "type": "LineString", "coordinates": [ [ 121.4547754, 31.0399772 ], [ 121.4546768, 31.0401673 ] ] } },
{ "type": "Feature", "properties": { "highway": "footway" }, "geometry": { "type": "LineString", "coordinates": [ [ 121.4546768, 31.0401673 ], [ 121.4545523, 31.0404763 ] ] } },
{ "type": "Feature", "properties": { "highway": "footway" }, "geometry": { "type": "LineString", "coordinates": [ [ 121.4536459, 31.0343098 ], [ 121.4538079, 31.0343522 ] ] } },
{ "type": "Feature", "properties": { "highway": "footway" }, "geometry": { "type": "LineString", "coordinates": [ [ 121.4651441, 31.0338748 ], [ 121.4650355, 31.033846 ] ] } },
{ "type": "Feature", "properties": { "highway": "footway" }, "geometry": { "type": "LineString", "coordinates": [ [ 121.4651441, 31.0338748 ], [ 121.465332, 31.0327264 ] ] } },
{ "type": "Feature", "properties": { "highway": "footway" }, "geometry": { "type": "LineString", "coordinates": [ [ 121.465332, 31.0327264 ], [ 121.4653752, 31.0324597 ] ] } },
{ "type": "Feature", "properties": { "highway": "footway" }, "geometry": { "type": "LineString", "coordinates": [ [ 121.4653752, 31.0324597 ], [ 121.4655977, 31.0311453 ] ] } },
{ "type": "Feature", "properties": { "highway": "footway" }, "geometry": { "type": "LineString", "coordinates": [ [ 121.4550177, 31.0310798 ], [ 121.4549383, 31.0310447 ] ] } },
{ "type": "Feature", "properties": { "highway": "footway" }, "geometry": { "type": "LineString", "coordinates": [ [ 121.4550177, 31.0310798 ], [ 121.4548025, 31.0316377 ] ] } },
{ "type": "Feature", "properties": { "highway": "footway" }, "geometry": { "type": "LineString", "coordinates": [ [ 121.4548025, 31.0316377 ], [ 121.4547695, 31.0317278 ] ] } },
{ "type": "Feature", "properties": { "highway": "footway" }, "geometry": { "type": "LineString", "coordinates": [ [ 121.4550177, 31.0310798 ], [ 121.4550671, 31.0309211 ] ] } },
{ "type": "Feature", "properties": { "highway": "footway" }, "geometry": { "type": "LineString", "coordinates": [ [ 121.4550671, 31.0309211 ], [ 121.4551356, 31.0307566 ] ] } },
{ "type": "Feature", "properties": { "highway": "footway" }, "geometry": { "type": "LineString", "coordinates": [ [ 121.4551356, 31.0307566 ], [ 121.4552409, 31.0304945 ] ] } },
{ "type": "Feature", "properties": { "highway": "footway" }, "geometry": { "type": "LineString", "coordinates": [ [ 121.4552409, 31.0304945 ], [ 121.4554149, 31.0299942 ] ] } },
{ "type": "Feature", "properties": { "highway": "footway" }, "geometry": { "type": "LineString", "coordinates": [ [ 121.4554149, 31.0299942 ], [ 121.4554837, 31.0298105 ] ] } },
{ "type": "Feature", "properties": { "highway": "footway" }, "geometry": { "type": "LineString", "coordinates": [ [ 121.4554837, 31.0298105 ], [ 121.4558411, 31.0288655 ] ] } },
{ "type": "Feature", "properties": { "highway": "footway" }, "geometry": { "type": "LineString", "coordinates": [ [ 121.4558411, 31.0288655 ], [ 121.4559245, 31.0286284 ] ] } },
{ "type": "Feature", "properties": { "highway": "footway" }, "geometry": { "type": "LineString", "coordinates": [ [ 121.4559245, 31.0286284 ], [ 121.4559828, 31.0284864 ] ] } },
{ "type": "Feature", "properties": { "highway": "footway" }, "geometry": { "type": "LineString", "coordinates": [ [ 121.4550177, 31.0310798 ], [ 121.4555162, 31.031212 ] ] } },
{ "type": "Feature", "properties": { "highway": "footway" }, "geometry": { "type": "LineString", "coordinates": [ [ 121.4555162, 31.031212 ], [ 121.4598406, 31.0324086 ] ] } },
{ "type": "Feature", "properties": { "highway": "footway" }, "geometry": { "type": "LineString", "coordinates": [ [ 121.4644424, 31.0383526 ], [ 121.4644108, 31.0385716 ] ] } },
{ "type": "Feature", "properties": { "highway": "footway" }, "geometry": { "type": "LineString", "coordinates": [ [ 121.4644108, 31.0385716 ], [ 121.4644014, 31.0386267 ] ] } },
{ "type": "Feature", "properties": { "highway": "footway" }, "geometry": { "type": "LineString", "coordinates": [ [ 121.4644014, 31.0386267 ], [ 121.4643923, 31.0386743 ] ] } },
{ "type": "Feature", "properties": { "highway": "footway" }, "geometry": { "type": "LineString", "coordinates": [ [ 121.4643923, 31.0386743 ], [ 121.4643828, 31.0387272 ] ] } },
{ "type": "Feature", "properties": { "highway": "footway" }, "geometry": { "type": "LineString", "coordinates": [ [ 121.4643828, 31.0387272 ], [ 121.4643718, 31.0388091 ] ] } },
{ "type": "Feature", "properties": { "highway": "footway" }, "geometry": { "type": "LineString", "coordinates": [ [ 121.4644424, 31.0383526 ], [ 121.4648462, 31.0385652 ] ] } },
{ "type": "Feature", "properties": { "highway": "footway" }, "geometry": { "type": "LineString", "coordinates": [ [ 121.4648462, 31.0385652 ], [ 121.465731, 31.0386683 ] ] } },
{ "type": "Feature", "properties": { "highway": "footway" }, "geometry": { "type": "LineString", "coordinates": [ [ 121.465731, 31.0386683 ], [ 121.465823, 31.0386501 ] ] } },
{ "type": "Feature", "properties": { "highway": "footway" }, "geometry": { "type": "LineString", "coordinates": [ [ 121.465823, 31.0386501 ], [ 121.465915, 31.0385955 ] ] } },
{ "type": "Feature", "properties": { "highway": "footway" }, "geometry": { "type": "LineString", "coordinates": [ [ 121.465915, 31.0385955 ], [ 121.4665591, 31.0386683 ] ] } },
{ "type": "Feature", "properties": { "highway": "footway" }, "geometry": { "type": "LineString", "coordinates": [ [ 121.4665591, 31.0386683 ], [ 121.4686119, 31.0389351 ] ] } },
{ "type": "Feature", "properties": { "highway": "footway" }, "geometry": { "type": "LineString", "coordinates": [ [ 121.4669239, 31.035986 ], [ 121.467027, 31.0357865 ] ] } },
{ "type": "Feature", "properties": { "highway": "footway" }, "geometry": { "type": "LineString", "coordinates": [ [ 121.4640768, 31.0399235 ], [ 121.4642524, 31.0387771 ] ] } },
{ "type": "Feature", "properties": { "highway": "footway" }, "geometry": { "type": "LineString", "coordinates": [ [ 121.4642524, 31.0387771 ], [ 121.4642646, 31.0387014 ] ] } },
{ "type": "Feature", "properties": { "highway": "footway" }, "geometry": { "type": "LineString", "coordinates": [ [ 121.4642646, 31.0387014 ], [ 121.4642713, 31.0386586 ] ] } },
{ "type": "Feature", "properties": { "highway": "footway" }, "geometry": { "type": "LineString", "coordinates": [ [ 121.4642713, 31.0386586 ], [ 121.4642788, 31.0386116 ] ] } },
{ "type": "Feature", "properties": { "highway": "footway" }, "geometry": { "type": "LineString", "coordinates": [ [ 121.4642788, 31.0386116 ], [ 121.4642875, 31.0385569 ] ] } },
{ "type": "Feature", "properties": { "highway": "footway" }, "geometry": { "type": "LineString", "coordinates": [ [ 121.4642875, 31.0385569 ], [ 121.4643281, 31.0383127 ] ] } },
{ "type": "Feature", "properties": { "highway": "footway" }, "geometry": { "type": "LineString", "coordinates": [ [ 121.4643281, 31.0383127 ], [ 121.4642539, 31.0377461 ] ] } },
{ "type": "Feature", "properties": { "highway": "footway" }, "geometry": { "type": "LineString", "coordinates": [ [ 121.4640768, 31.0399235 ], [ 121.4640079, 31.0405873 ] ] } },
{ "type": "Feature", "properties": { "highway": "footway" }, "geometry": { "type": "LineString", "coordinates": [ [ 121.4640079, 31.0405873 ], [ 121.463996, 31.0407022 ] ] } },
{ "type": "Feature", "properties": { "highway": "footway" }, "geometry": { "type": "LineString", "coordinates": [ [ 121.463996, 31.0407022 ], [ 121.4639143, 31.0413522 ] ] } },
{ "type": "Feature", "properties": { "highway": "footway" }, "geometry": { "type": "LineString", "coordinates": [ [ 121.4646371, 31.0356932 ], [ 121.4645311, 31.0362876 ] ] } },
{ "type": "Feature", "properties": { "highway": "footway" }, "geometry": { "type": "LineString", "coordinates": [ [ 121.4646371, 31.0356932 ], [ 121.4631564, 31.0355133 ] ] } },
{ "type": "Feature", "properties": { "highway": "footway" }, "geometry": { "type": "LineString", "coordinates": [ [ 121.4646371, 31.0356932 ], [ 121.4648315, 31.0351794 ] ] } },
{ "type": "Feature", "properties": { "highway": "footway" }, "geometry": { "type": "LineString", "coordinates": [ [ 121.4648315, 31.0351794 ], [ 121.4648798, 31.0348531 ] ] } },
{ "type": "Feature", "properties": { "highway": "footway" }, "geometry": { "type": "LineString", "coordinates": [ [ 121.4648798, 31.0348531 ], [ 121.4650355, 31.033846 ] ] } },
{ "type": "Feature", "properties": { "highway": "footway" }, "geometry": { "type": "LineString", "coordinates": [ [ 121.4650355, 31.033846 ], [ 121.4651495, 31.0331224 ] ] } },
{ "type": "Feature", "properties": { "highway": "footway" }, "geometry": { "type": "LineString", "coordinates": [ [ 121.4651495, 31.0331224 ], [ 121.4652177, 31.0326881 ] ] } },
{ "type": "Feature", "properties": { "highway": "footway" }, "geometry": { "type": "LineString", "coordinates": [ [ 121.4652177, 31.0326881 ], [ 121.4652626, 31.0323854 ] ] } },
{ "type": "Feature", "properties": { "highway": "footway" }, "geometry": { "type": "LineString", "coordinates": [ [ 121.4652626, 31.0323854 ], [ 121.4654493, 31.0310784 ] ] } },
{ "type": "Feature", "properties": { "highway": "footway" }, "geometry": { "type": "LineString", "coordinates": [ [ 121.4650355, 31.033846 ], [ 121.4620856, 31.0330298 ] ] } },
{ "type": "Feature", "properties": { "highway": "footway" }, "geometry": { "type": "LineString", "coordinates": [ [ 121.4620856, 31.0330298 ], [ 121.4617954, 31.0329495 ] ] } },
{ "type": "Feature", "properties": { "highway": "footway" }, "geometry": { "type": "LineString", "coordinates": [ [ 121.4617954, 31.0329495 ], [ 121.4599172, 31.0324298 ] ] } },
{ "type": "Feature", "properties": { "highway": "footway" }, "geometry": { "type": "LineString", "coordinates": [ [ 121.4654768, 31.0309058 ], [ 121.4638352, 31.0304555 ] ] } },
{ "type": "Feature", "properties": { "highway": "footway" }, "geometry": { "type": "LineString", "coordinates": [ [ 121.4654768, 31.0309058 ], [ 121.4654584, 31.0310146 ] ] } },
{ "type": "Feature", "properties": { "highway": "footway" }, "geometry": { "type": "LineString", "coordinates": [ [ 121.4654584, 31.0310146 ], [ 121.4654493, 31.0310784 ] ] } },
{ "type": "Feature", "properties": { "highway": "footway" }, "geometry": { "type": "LineString", "coordinates": [ [ 121.4589983, 31.0417802 ], [ 121.4590261, 31.0417038 ] ] } },
{ "type": "Feature", "properties": { "highway": "footway" }, "geometry": { "type": "LineString", "coordinates": [ [ 121.4589983, 31.0417802 ], [ 121.4593397, 31.0418311 ] ] } },
{ "type": "Feature", "properties": { "highway": "footway" }, "geometry": { "type": "LineString", "coordinates": [ [ 121.4598247, 31.0419043 ], [ 121.4593397, 31.0418311 ] ] } },
{ "type": "Feature", "properties": { "highway": "footway" }, "geometry": { "type": "LineString", "coordinates": [ [ 121.4593155, 31.0419447 ], [ 121.4593507, 31.0419083 ] ] } },
{ "type": "Feature", "properties": { "highway": "footway" }, "geometry": { "type": "LineString", "coordinates": [ [ 121.4593507, 31.0419083 ], [ 121.4593694, 31.0418923 ] ] } },
{ "type": "Feature", "properties": { "highway": "footway" }, "geometry": { "type": "LineString", "coordinates": [ [ 121.4593694, 31.0418923 ], [ 121.459367, 31.0418663 ] ] } },
{ "type": "Feature", "properties": { "highway": "footway" }, "geometry": { "type": "LineString", "coordinates": [ [ 121.459367, 31.0418663 ], [ 121.4593397, 31.0418311 ] ] } },
{ "type": "Feature", "properties": { "highway": "footway" }, "geometry": { "type": "LineString", "coordinates": [ [ 121.4541481, 31.0315396 ], [ 121.4546535, 31.0316926 ] ] } },
{ "type": "Feature", "properties": { "highway": "footway" }, "geometry": { "type": "LineString", "coordinates": [ [ 121.4547695, 31.0317278 ], [ 121.4546535, 31.0316926 ] ] } },
{ "type": "Feature", "properties": { "highway": "footway" }, "geometry": { "type": "LineString", "coordinates": [ [ 121.4547695, 31.0317278 ], [ 121.4547412, 31.0318086 ] ] } },
{ "type": "Feature", "properties": { "highway": "footway" }, "geometry": { "type": "LineString", "coordinates": [ [ 121.4547412, 31.0318086 ], [ 121.4546835, 31.0319776 ] ] } },
{ "type": "Feature", "properties": { "highway": "footway" }, "geometry": { "type": "LineString", "coordinates": [ [ 121.4546835, 31.0319776 ], [ 121.4545741, 31.0322516 ] ] } },
{ "type": "Feature", "properties": { "highway": "footway" }, "geometry": { "type": "LineString", "coordinates": [ [ 121.4545741, 31.0322516 ], [ 121.4543964, 31.0327167 ] ] } },
{ "type": "Feature", "properties": { "highway": "footway" }, "geometry": { "type": "LineString", "coordinates": [ [ 121.4543964, 31.0327167 ], [ 121.4541921, 31.0332214 ] ] } },
{ "type": "Feature", "properties": { "highway": "footway" }, "geometry": { "type": "LineString", "coordinates": [ [ 121.4541921, 31.0332214 ], [ 121.4539729, 31.0338087 ] ] } },
{ "type": "Feature", "properties": { "highway": "footway" }, "geometry": { "type": "LineString", "coordinates": [ [ 121.4539729, 31.0338087 ], [ 121.4538079, 31.0343522 ] ] } },
{ "type": "Feature", "properties": { "highway": "footway" }, "geometry": { "type": "LineString", "coordinates": [ [ 121.447226499999985, 31.0274037 ], [ 121.447381427439225, 31.026588995119504 ] ] } },
{ "type": "Feature", "properties": { "highway": "footway" }, "geometry": { "type": "LineString", "coordinates": [ [ 121.448896, 31.0282063 ], [ 121.449589164352091, 31.026666039649935 ] ] } },
{ "type": "Feature", "properties": { "highway": "footway" }, "geometry": { "type": "LineString", "coordinates": [ [ 121.449769499999988, 31.0276845 ], [ 121.450048693302278, 31.026760205102519 ] ] } },
{ "type": "Feature", "properties": { "highway": "footway" }, "geometry": { "type": "LineString", "coordinates": [ [ 121.4475781, 31.0278007 ], [ 121.4477278, 31.0278285 ] ] } },
{ "type": "Feature", "properties": { "highway": "footway" }, "geometry": { "type": "LineString", "coordinates": [ [ 121.4477278, 31.0278285 ], [ 121.4481953, 31.0279552 ] ] } },
{ "type": "Feature", "properties": { "highway": "footway" }, "geometry": { "type": "LineString", "coordinates": [ [ 121.4481953, 31.0279552 ], [ 121.4488726, 31.0281997 ] ] } },
{ "type": "Feature", "properties": { "highway": "footway" }, "geometry": { "type": "LineString", "coordinates": [ [ 121.4488726, 31.0281997 ], [ 121.448896, 31.0282063 ] ] } },
{ "type": "Feature", "properties": { "highway": "footway" }, "geometry": { "type": "LineString", "coordinates": [ [ 121.4559828, 31.0284864 ], [ 121.4558843, 31.0284715 ] ] } },
{ "type": "Feature", "properties": { "highway": "footway" }, "geometry": { "type": "LineString", "coordinates": [ [ 121.4559828, 31.0284864 ], [ 121.4654493, 31.0310784 ] ] } },
{ "type": "Feature", "properties": { "highway": "footway" }, "geometry": { "type": "LineString", "coordinates": [ [ 121.4654493, 31.0310784 ], [ 121.4655977, 31.0311453 ] ] } },
{ "type": "Feature", "properties": { "highway": "footway" }, "geometry": { "type": "LineString", "coordinates": [ [ 121.4655977, 31.0311453 ], [ 121.4685471, 31.0319252 ] ] } },
{ "type": "Feature", "properties": { "highway": "footway" }, "geometry": { "type": "LineString", "coordinates": [ [ 121.4685471, 31.0319252 ], [ 121.4686966, 31.031868 ] ] } },
{ "type": "Feature", "properties": { "highway": "footway" }, "geometry": { "type": "LineString", "coordinates": [ [ 121.4477324, 31.0381161 ], [ 121.447581, 31.0380633 ] ] } },
{ "type": "Feature", "properties": { "highway": "footway" }, "geometry": { "type": "LineString", "coordinates": [ [ 121.447581, 31.0380633 ], [ 121.4475594, 31.0380194 ] ] } },
{ "type": "Feature", "properties": { "highway": "footway" }, "geometry": { "type": "LineString", "coordinates": [ [ 121.4538079, 31.0343522 ], [ 121.4533765, 31.0354167 ] ] } },
{ "type": "Feature", "properties": { "highway": "footway" }, "geometry": { "type": "LineString", "coordinates": [ [ 121.4533765, 31.0354167 ], [ 121.4532626, 31.0357171 ] ] } },
{ "type": "Feature", "properties": { "highway": "footway" }, "geometry": { "type": "LineString", "coordinates": [ [ 121.4538079, 31.0343522 ], [ 121.4551783, 31.034515 ] ] } },
{ "type": "Feature", "properties": { "highway": "footway" }, "geometry": { "type": "LineString", "coordinates": [ [ 121.4551783, 31.034515 ], [ 121.4573067, 31.0347813 ] ] } },
{ "type": "Feature", "properties": { "highway": "footway" }, "geometry": { "type": "LineString", "coordinates": [ [ 121.4532626, 31.0357171 ], [ 121.4531326, 31.0360422 ] ] } },
{ "type": "Feature", "properties": { "highway": "footway" }, "geometry": { "type": "LineString", "coordinates": [ [ 121.4532626, 31.0357171 ], [ 121.4535502, 31.0358826 ] ] } },
{ "type": "Feature", "properties": { "highway": "footway" }, "geometry": { "type": "LineString", "coordinates": [ [ 121.4535502, 31.0358826 ], [ 121.4537726, 31.036023 ] ] } },
{ "type": "Feature", "properties": { "highway": "footway" }, "geometry": { "type": "LineString", "coordinates": [ [ 121.4537726, 31.036023 ], [ 121.4544865, 31.0361033 ] ] } },
{ "type": "Feature", "properties": { "highway": "footway" }, "geometry": { "type": "LineString", "coordinates": [ [ 121.4544865, 31.0361033 ], [ 121.4557272, 31.0362838 ] ] } },
{ "type": "Feature", "properties": { "highway": "footway" }, "geometry": { "type": "LineString", "coordinates": [ [ 121.4557272, 31.0362838 ], [ 121.4564879, 31.0364041 ] ] } },
{ "type": "Feature", "properties": { "highway": "footway" }, "geometry": { "type": "LineString", "coordinates": [ [ 121.4564879, 31.0364041 ], [ 121.4571317, 31.0364342 ] ] } },
{ "type": "Feature", "properties": { "highway": "footway" }, "geometry": { "type": "LineString", "coordinates": [ [ 121.452666, 31.0372092 ], [ 121.452691, 31.0373857 ] ] } },
{ "type": "Feature", "properties": { "highway": "footway" }, "geometry": { "type": "LineString", "coordinates": [ [ 121.452666, 31.0372092 ], [ 121.4529706, 31.0364474 ] ] } },
{ "type": "Feature", "properties": { "highway": "footway" }, "geometry": { "type": "LineString", "coordinates": [ [ 121.4529706, 31.0364474 ], [ 121.4531326, 31.0360422 ] ] } },
{ "type": "Feature", "properties": { "highway": "footway" }, "geometry": { "type": "LineString", "coordinates": [ [ 121.452666, 31.0372092 ], [ 121.4525406, 31.0375298 ] ] } },
{ "type": "Feature", "properties": { "highway": "footway" }, "geometry": { "type": "LineString", "coordinates": [ [ 121.4525406, 31.0375298 ], [ 121.4520335, 31.0389539 ] ] } },
{ "type": "Feature", "properties": { "highway": "footway" }, "geometry": { "type": "LineString", "coordinates": [ [ 121.4520335, 31.0389539 ], [ 121.4516891, 31.0398682 ] ] } },
{ "type": "Feature", "properties": { "highway": "footway" }, "geometry": { "type": "LineString", "coordinates": [ [ 121.4516891, 31.0398682 ], [ 121.4516207, 31.0400614 ] ] } },
{ "type": "Feature", "properties": { "highway": "footway" }, "geometry": { "type": "LineString", "coordinates": [ [ 121.452691, 31.0373857 ], [ 121.452698042739158, 31.037386511721436 ] ] } },
{ "type": "Feature", "properties": { "highway": "footway" }, "geometry": { "type": "LineString", "coordinates": [ [ 121.452698042739158, 31.037386511721436 ], [ 121.4528411, 31.037403 ] ] } },
{ "type": "Feature", "properties": { "highway": "footway" }, "geometry": { "type": "LineString", "coordinates": [ [ 121.452691, 31.0373857 ], [ 121.452690936337532, 31.0374222104229 ] ] } },
{ "type": "Feature", "properties": { "highway": "footway" }, "geometry": { "type": "LineString", "coordinates": [ [ 121.452690936337532, 31.0374222104229 ], [ 121.4526906, 31.0376151 ] ] } },
{ "type": "Feature", "properties": { "highway": "footway" }, "geometry": { "type": "LineString", "coordinates": [ [ 121.4526906, 31.0376151 ], [ 121.4526877, 31.0377634 ] ] } },
{ "type": "Feature", "properties": { "highway": "footway" }, "geometry": { "type": "LineString", "coordinates": [ [ 121.4526877, 31.0377634 ], [ 121.4526707, 31.0378397 ] ] } },
{ "type": "Feature", "properties": { "highway": "footway" }, "geometry": { "type": "LineString", "coordinates": [ [ 121.4526379, 31.037934 ], [ 121.4526707, 31.0378397 ] ] } },
{ "type": "Feature", "properties": { "highway": "footway" }, "geometry": { "type": "LineString", "coordinates": [ [ 121.4526379, 31.037934 ], [ 121.4521664, 31.0391393 ] ] } },
{ "type": "Feature", "properties": { "highway": "footway" }, "geometry": { "type": "LineString", "coordinates": [ [ 121.4521664, 31.0391393 ], [ 121.4518898, 31.0397579 ] ] } },
{ "type": "Feature", "properties": { "highway": "footway" }, "geometry": { "type": "LineString", "coordinates": [ [ 121.4518898, 31.0397579 ], [ 121.4517416, 31.040072 ] ] } },
{ "type": "Feature", "properties": { "highway": "footway" }, "geometry": { "type": "LineString", "coordinates": [ [ 121.4516337, 31.0403678 ], [ 121.4515196, 31.0403385 ] ] } },
{ "type": "Feature", "properties": { "highway": "footway" }, "geometry": { "type": "LineString", "coordinates": [ [ 121.4516337, 31.0403678 ], [ 121.4518332, 31.0403837 ] ] } },
{ "type": "Feature", "properties": { "highway": "footway" }, "geometry": { "type": "LineString", "coordinates": [ [ 121.4516337, 31.0403678 ], [ 121.4516766, 31.0402596 ] ] } },
{ "type": "Feature", "properties": { "highway": "footway" }, "geometry": { "type": "LineString", "coordinates": [ [ 121.4516766, 31.0402596 ], [ 121.4518332, 31.0403837 ] ] } },
{ "type": "Feature", "properties": { "highway": "footway" }, "geometry": { "type": "LineString", "coordinates": [ [ 121.4516766, 31.0402596 ], [ 121.451562, 31.0402273 ] ] } },
{ "type": "Feature", "properties": { "highway": "footway" }, "geometry": { "type": "LineString", "coordinates": [ [ 121.4516766, 31.0402596 ], [ 121.4517416, 31.040072 ] ] } },
{ "type": "Feature", "properties": { "highway": "footway" }, "geometry": { "type": "LineString", "coordinates": [ [ 121.4487467, 31.0355703 ], [ 121.4486433, 31.0356157 ] ] } },
{ "type": "Feature", "properties": { "highway": "footway" }, "geometry": { "type": "LineString", "coordinates": [ [ 121.4487467, 31.0355703 ], [ 121.4488604, 31.0359466 ] ] } },
{ "type": "Feature", "properties": { "highway": "footway" }, "geometry": { "type": "LineString", "coordinates": [ [ 121.4488604, 31.0359466 ], [ 121.4489409, 31.036188 ] ] } },
{ "type": "Feature", "properties": { "highway": "footway" }, "geometry": { "type": "LineString", "coordinates": [ [ 121.4489409, 31.036188 ], [ 121.4490857, 31.0364132 ] ] } },
{ "type": "Feature", "properties": { "highway": "footway" }, "geometry": { "type": "LineString", "coordinates": [ [ 121.4490857, 31.0364132 ], [ 121.4491903, 31.0365074 ] ] } },
{ "type": "Feature", "properties": { "highway": "footway" }, "geometry": { "type": "LineString", "coordinates": [ [ 121.4491903, 31.0365074 ], [ 121.4493459, 31.0365718 ] ] } },
{ "type": "Feature", "properties": { "highway": "footway" }, "geometry": { "type": "LineString", "coordinates": [ [ 121.4493459, 31.0365718 ], [ 121.4502847, 31.0366959 ] ] } },
{ "type": "Feature", "properties": { "highway": "footway" }, "geometry": { "type": "LineString", "coordinates": [ [ 121.4487467, 31.0355703 ], [ 121.4488685, 31.0355169 ] ] } },
{ "type": "Feature", "properties": { "highway": "footway" }, "geometry": { "type": "LineString", "coordinates": [ [ 121.4488685, 31.0355169 ], [ 121.4490777, 31.0356892 ] ] } },
{ "type": "Feature", "properties": { "highway": "footway" }, "geometry": { "type": "LineString", "coordinates": [ [ 121.4490777, 31.0356892 ], [ 121.4502632, 31.0357352 ] ] } },
{ "type": "Feature", "properties": { "highway": "footway" }, "geometry": { "type": "LineString", "coordinates": [ [ 121.4502632, 31.0357352 ], [ 121.450298, 31.0357354 ] ] } },
{ "type": "Feature", "properties": { "highway": "footway" }, "geometry": { "type": "LineString", "coordinates": [ [ 121.4486433, 31.0356157 ], [ 121.448005, 31.0359239 ] ] } },
{ "type": "Feature", "properties": { "highway": "footway" }, "geometry": { "type": "LineString", "coordinates": [ [ 121.448005, 31.0359239 ], [ 121.4477006, 31.0362545 ] ] } },
{ "type": "Feature", "properties": { "highway": "footway" }, "geometry": { "type": "LineString", "coordinates": [ [ 121.450298, 31.0357354 ], [ 121.4502847, 31.0366959 ] ] } },
{ "type": "Feature", "properties": { "highway": "footway" }, "geometry": { "type": "LineString", "coordinates": [ [ 121.450298, 31.0357354 ], [ 121.4509526, 31.0357398 ] ] } },
{ "type": "Feature", "properties": { "highway": "footway" }, "geometry": { "type": "LineString", "coordinates": [ [ 121.4509526, 31.0357398 ], [ 121.4509579, 31.0367556 ] ] } },
{ "type": "Feature", "properties": { "highway": "footway" }, "geometry": { "type": "LineString", "coordinates": [ [ 121.4509579, 31.0367556 ], [ 121.4502847, 31.0366959 ] ] } },
{ "type": "Feature", "properties": { "highway": "footway" }, "geometry": { "type": "LineString", "coordinates": [ [ 121.4499874, 31.0369733 ], [ 121.4498984, 31.0371325 ] ] } },
{ "type": "Feature", "properties": { "highway": "footway" }, "geometry": { "type": "LineString", "coordinates": [ [ 121.4498984, 31.0371325 ], [ 121.4497697, 31.0372405 ] ] } },
{ "type": "Feature", "properties": { "highway": "footway" }, "geometry": { "type": "LineString", "coordinates": [ [ 121.4497697, 31.0372405 ], [ 121.4496772, 31.0373866 ] ] } },
{ "type": "Feature", "properties": { "highway": "footway" }, "geometry": { "type": "LineString", "coordinates": [ [ 121.4467629, 31.0370061 ], [ 121.4471374, 31.0375067 ] ] } },
{ "type": "Feature", "properties": { "highway": "footway" }, "geometry": { "type": "LineString", "coordinates": [ [ 121.4467629, 31.0370061 ], [ 121.4469239, 31.0370383 ] ] } },
{ "type": "Feature", "properties": { "highway": "footway" }, "geometry": { "type": "LineString", "coordinates": [ [ 121.4469239, 31.0370383 ], [ 121.4470499, 31.0370613 ] ] } },
{ "type": "Feature", "properties": { "highway": "footway" }, "geometry": { "type": "LineString", "coordinates": [ [ 121.4470499, 31.0370613 ], [ 121.447235, 31.037121 ] ] } },
{ "type": "Feature", "properties": { "highway": "footway" }, "geometry": { "type": "LineString", "coordinates": [ [ 121.447235, 31.037121 ], [ 121.4473208, 31.0371486 ] ] } },
{ "type": "Feature", "properties": { "highway": "footway" }, "geometry": { "type": "LineString", "coordinates": [ [ 121.4473208, 31.0371486 ], [ 121.4475028, 31.0370502 ] ] } },
{ "type": "Feature", "properties": { "highway": "footway" }, "geometry": { "type": "LineString", "coordinates": [ [ 121.4467629, 31.0370061 ], [ 121.4466664, 31.0371716 ] ] } },
{ "type": "Feature", "properties": { "highway": "footway" }, "geometry": { "type": "LineString", "coordinates": [ [ 121.4466664, 31.0371716 ], [ 121.4465779, 31.0372865 ] ] } },
{ "type": "Feature", "properties": { "highway": "footway" }, "geometry": { "type": "LineString", "coordinates": [ [ 121.4465779, 31.0372865 ], [ 121.4465685, 31.03733 ] ] } },
{ "type": "Feature", "properties": { "highway": "footway" }, "geometry": { "type": "LineString", "coordinates": [ [ 121.4475028, 31.0370502 ], [ 121.4476481, 31.0369717 ] ] } },
{ "type": "Feature", "properties": { "highway": "footway" }, "geometry": { "type": "LineString", "coordinates": [ [ 121.4476481, 31.0369717 ], [ 121.4479082, 31.037121 ] ] } },
{ "type": "Feature", "properties": { "highway": "footway" }, "geometry": { "type": "LineString", "coordinates": [ [ 121.4475028, 31.0370502 ], [ 121.4476856, 31.0372336 ] ] } },
{ "type": "Feature", "properties": { "highway": "footway" }, "geometry": { "type": "LineString", "coordinates": [ [ 121.4476856, 31.0372336 ], [ 121.4477795, 31.0372153 ] ] } },
{ "type": "Feature", "properties": { "highway": "footway" }, "geometry": { "type": "LineString", "coordinates": [ [ 121.4477795, 31.0372153 ], [ 121.4479082, 31.037121 ] ] } },
{ "type": "Feature", "properties": { "highway": "footway" }, "geometry": { "type": "LineString", "coordinates": [ [ 121.4479082, 31.037121 ], [ 121.4479968, 31.0371509 ] ] } },
{ "type": "Feature", "properties": { "highway": "footway" }, "geometry": { "type": "LineString", "coordinates": [ [ 121.4479968, 31.0371509 ], [ 121.4481148, 31.0372612 ] ] } },
{ "type": "Feature", "properties": { "highway": "footway" }, "geometry": { "type": "LineString", "coordinates": [ [ 121.4487129, 31.0372061 ], [ 121.448839, 31.0372727 ] ] } },
{ "type": "Feature", "properties": { "highway": "footway" }, "geometry": { "type": "LineString", "coordinates": [ [ 121.4487129, 31.0372061 ], [ 121.4485386, 31.0371302 ] ] } },
{ "type": "Feature", "properties": { "highway": "footway" }, "geometry": { "type": "LineString", "coordinates": [ [ 121.4485386, 31.0371302 ], [ 121.4481148, 31.0372612 ] ] } },
{ "type": "Feature", "properties": { "highway": "footway" }, "geometry": { "type": "LineString", "coordinates": [ [ 121.4487129, 31.0372061 ], [ 121.4486512, 31.037275 ] ] } },
{ "type": "Feature", "properties": { "highway": "footway" }, "geometry": { "type": "LineString", "coordinates": [ [ 121.4486512, 31.037275 ], [ 121.4484527, 31.0373623 ] ] } },
{ "type": "Feature", "properties": { "highway": "footway" }, "geometry": { "type": "LineString", "coordinates": [ [ 121.4484527, 31.0373623 ], [ 121.4482328, 31.0372681 ] ] } },
{ "type": "Feature", "properties": { "highway": "footway" }, "geometry": { "type": "LineString", "coordinates": [ [ 121.4482328, 31.0372681 ], [ 121.4481148, 31.0372612 ] ] } },
{ "type": "Feature", "properties": { "highway": "footway" }, "geometry": { "type": "LineString", "coordinates": [ [ 121.4461704, 31.0372398 ], [ 121.4459529, 31.0379461 ] ] } },
{ "type": "Feature", "properties": { "highway": "footway" }, "geometry": { "type": "LineString", "coordinates": [ [ 121.4461704, 31.0372398 ], [ 121.4463231, 31.0367924 ] ] } },
{ "type": "Feature", "properties": { "highway": "footway" }, "geometry": { "type": "LineString", "coordinates": [ [ 121.4463231, 31.0367924 ], [ 121.4467468, 31.0366269 ] ] } },
{ "type": "Feature", "properties": { "highway": "footway" }, "geometry": { "type": "LineString", "coordinates": [ [ 121.4481148, 31.0372612 ], [ 121.4479265, 31.0375452 ] ] } },
{ "type": "Feature", "properties": { "highway": "footway" }, "geometry": { "type": "LineString", "coordinates": [ [ 121.448839, 31.0372727 ], [ 121.448683, 31.0378392 ] ] } },
{ "type": "Feature", "properties": { "highway": "footway" }, "geometry": { "type": "LineString", "coordinates": [ [ 121.4465685, 31.03733 ], [ 121.4466342, 31.0373715 ] ] } },
{ "type": "Feature", "properties": { "highway": "footway" }, "geometry": { "type": "LineString", "coordinates": [ [ 121.4466342, 31.0373715 ], [ 121.4468059, 31.0374083 ] ] } },
{ "type": "Feature", "properties": { "highway": "footway" }, "geometry": { "type": "LineString", "coordinates": [ [ 121.4468059, 31.0374083 ], [ 121.4469695, 31.0374589 ] ] } },
{ "type": "Feature", "properties": { "highway": "footway" }, "geometry": { "type": "LineString", "coordinates": [ [ 121.4469695, 31.0374589 ], [ 121.4471374, 31.0375067 ] ] } },
{ "type": "Feature", "properties": { "highway": "footway" }, "geometry": { "type": "LineString", "coordinates": [ [ 121.4465685, 31.03733 ], [ 121.446551, 31.0374106 ] ] } },
{ "type": "Feature", "properties": { "highway": "footway" }, "geometry": { "type": "LineString", "coordinates": [ [ 121.446551, 31.0374106 ], [ 121.446551, 31.0375416 ] ] } },
{ "type": "Feature", "properties": { "highway": "footway" }, "geometry": { "type": "LineString", "coordinates": [ [ 121.446551, 31.0375416 ], [ 121.4465484, 31.0376933 ] ] } },
{ "type": "Feature", "properties": { "highway": "footway" }, "geometry": { "type": "LineString", "coordinates": [ [ 121.4496772, 31.0373866 ], [ 121.4497482, 31.0374497 ] ] } },
{ "type": "Feature", "properties": { "highway": "footway" }, "geometry": { "type": "LineString", "coordinates": [ [ 121.4496772, 31.0373866 ], [ 121.4496007, 31.0373187 ] ] } },
{ "type": "Feature", "properties": { "highway": "footway" }, "geometry": { "type": "LineString", "coordinates": [ [ 121.4496007, 31.0373187 ], [ 121.4494049, 31.037252 ] ] } },
{ "type": "Feature", "properties": { "highway": "footway" }, "geometry": { "type": "LineString", "coordinates": [ [ 121.4494049, 31.037252 ], [ 121.4491796, 31.0373715 ] ] } },
{ "type": "Feature", "properties": { "highway": "footway" }, "geometry": { "type": "LineString", "coordinates": [ [ 121.4491796, 31.0373715 ], [ 121.4490616, 31.0374773 ] ] } },
{ "type": "Feature", "properties": { "highway": "footway" }, "geometry": { "type": "LineString", "coordinates": [ [ 121.4496772, 31.0373866 ], [ 121.4494988, 31.0374451 ] ] } },
{ "type": "Feature", "properties": { "highway": "footway" }, "geometry": { "type": "LineString", "coordinates": [ [ 121.4494988, 31.0374451 ], [ 121.4492815, 31.037514 ] ] } },
{ "type": "Feature", "properties": { "highway": "footway" }, "geometry": { "type": "LineString", "coordinates": [ [ 121.4492815, 31.037514 ], [ 121.4490616, 31.0374773 ] ] } },
{ "type": "Feature", "properties": { "highway": "footway" }, "geometry": { "type": "LineString", "coordinates": [ [ 121.4471374, 31.0375067 ], [ 121.4465484, 31.0376933 ] ] } },
{ "type": "Feature", "properties": { "highway": "footway" }, "geometry": { "type": "LineString", "coordinates": [ [ 121.4471374, 31.0375067 ], [ 121.447716, 31.0376382 ] ] } },
{ "type": "Feature", "properties": { "highway": "footway" }, "geometry": { "type": "LineString", "coordinates": [ [ 121.4497482, 31.0374497 ], [ 121.4498877, 31.0374474 ] ] } },
{ "type": "Feature", "properties": { "highway": "footway" }, "geometry": { "type": "LineString", "coordinates": [ [ 121.4498877, 31.0374474 ], [ 121.4501372, 31.0373738 ] ] } },
{ "type": "Feature", "properties": { "highway": "footway" }, "geometry": { "type": "LineString", "coordinates": [ [ 121.4501372, 31.0373738 ], [ 121.4503893, 31.0374106 ] ] } },
{ "type": "Feature", "properties": { "highway": "footway" }, "geometry": { "type": "LineString", "coordinates": [ [ 121.4503893, 31.0374106 ], [ 121.450451, 31.0374773 ] ] } },
{ "type": "Feature", "properties": { "highway": "footway" }, "geometry": { "type": "LineString", "coordinates": [ [ 121.450451, 31.0374773 ], [ 121.4503276, 31.0375853 ] ] } },
{ "type": "Feature", "properties": { "highway": "footway" }, "geometry": { "type": "LineString", "coordinates": [ [ 121.4503276, 31.0375853 ], [ 121.4501533, 31.0376312 ] ] } },
{ "type": "Feature", "properties": { "highway": "footway" }, "geometry": { "type": "LineString", "coordinates": [ [ 121.4501533, 31.0376312 ], [ 121.4499843, 31.0376014 ] ] } },
{ "type": "Feature", "properties": { "highway": "footway" }, "geometry": { "type": "LineString", "coordinates": [ [ 121.4499843, 31.0376014 ], [ 121.4498797, 31.0375255 ] ] } },
{ "type": "Feature", "properties": { "highway": "footway" }, "geometry": { "type": "LineString", "coordinates": [ [ 121.4498797, 31.0375255 ], [ 121.4497482, 31.0374497 ] ] } },
{ "type": "Feature", "properties": { "highway": "footway" }, "geometry": { "type": "LineString", "coordinates": [ [ 121.4497482, 31.0374497 ], [ 121.4496114, 31.037822 ] ] } },
{ "type": "Feature", "properties": { "highway": "footway" }, "geometry": { "type": "LineString", "coordinates": [ [ 121.4496114, 31.037822 ], [ 121.449244, 31.0379553 ] ] } },
{ "type": "Feature", "properties": { "highway": "footway" }, "geometry": { "type": "LineString", "coordinates": [ [ 121.449244, 31.0379553 ], [ 121.4487851, 31.0378647 ] ] } },
{ "type": "Feature", "properties": { "highway": "footway" }, "geometry": { "type": "LineString", "coordinates": [ [ 121.4490616, 31.0374773 ], [ 121.4488681, 31.037519 ] ] } },
{ "type": "Feature", "properties": { "highway": "footway" }, "geometry": { "type": "LineString", "coordinates": [ [ 121.4479265, 31.0375452 ], [ 121.4480108, 31.0375792 ] ] } },
{ "type": "Feature", "properties": { "highway": "footway" }, "geometry": { "type": "LineString", "coordinates": [ [ 121.4480108, 31.0375792 ], [ 121.4480488, 31.0376245 ] ] } },
{ "type": "Feature", "properties": { "highway": "footway" }, "geometry": { "type": "LineString", "coordinates": [ [ 121.4480488, 31.0376245 ], [ 121.4480674, 31.037657 ] ] } },
{ "type": "Feature", "properties": { "highway": "footway" }, "geometry": { "type": "LineString", "coordinates": [ [ 121.4480674, 31.037657 ], [ 121.4480651, 31.0377 ] ] } },
{ "type": "Feature", "properties": { "highway": "footway" }, "geometry": { "type": "LineString", "coordinates": [ [ 121.4479265, 31.0375452 ], [ 121.4478571, 31.0375491 ] ] } },
{ "type": "Feature", "properties": { "highway": "footway" }, "geometry": { "type": "LineString", "coordinates": [ [ 121.4478571, 31.0375491 ], [ 121.4477727, 31.0375852 ] ] } },
{ "type": "Feature", "properties": { "highway": "footway" }, "geometry": { "type": "LineString", "coordinates": [ [ 121.4477727, 31.0375852 ], [ 121.447716, 31.0376382 ] ] } },
{ "type": "Feature", "properties": { "highway": "footway" }, "geometry": { "type": "LineString", "coordinates": [ [ 121.4488681, 31.037519 ], [ 121.4487851, 31.0378647 ] ] } },
{ "type": "Feature", "properties": { "highway": "footway" }, "geometry": { "type": "LineString", "coordinates": [ [ 121.447716, 31.0376382 ], [ 121.4477096, 31.0376957 ] ] } },
{ "type": "Feature", "properties": { "highway": "footway" }, "geometry": { "type": "LineString", "coordinates": [ [ 121.4477096, 31.0376957 ], [ 121.4477308, 31.0377527 ] ] } },
{ "type": "Feature", "properties": { "highway": "footway" }, "geometry": { "type": "LineString", "coordinates": [ [ 121.4477308, 31.0377527 ], [ 121.4477882, 31.0378125 ] ] } },
{ "type": "Feature", "properties": { "highway": "footway" }, "geometry": { "type": "LineString", "coordinates": [ [ 121.4477882, 31.0378125 ], [ 121.4478567, 31.0378384 ] ] } },
{ "type": "Feature", "properties": { "highway": "footway" }, "geometry": { "type": "LineString", "coordinates": [ [ 121.4480651, 31.0377 ], [ 121.448683, 31.0378392 ] ] } },
{ "type": "Feature", "properties": { "highway": "footway" }, "geometry": { "type": "LineString", "coordinates": [ [ 121.4480651, 31.0377 ], [ 121.4480477, 31.0377576 ] ] } },
{ "type": "Feature", "properties": { "highway": "footway" }, "geometry": { "type": "LineString", "coordinates": [ [ 121.4480477, 31.0377576 ], [ 121.4480044, 31.0377956 ] ] } },
{ "type": "Feature", "properties": { "highway": "footway" }, "geometry": { "type": "LineString", "coordinates": [ [ 121.4480044, 31.0377956 ], [ 121.4479384, 31.0378297 ] ] } },
{ "type": "Feature", "properties": { "highway": "footway" }, "geometry": { "type": "LineString", "coordinates": [ [ 121.4479384, 31.0378297 ], [ 121.4478567, 31.0378384 ] ] } },
{ "type": "Feature", "properties": { "highway": "footway" }, "geometry": { "type": "LineString", "coordinates": [ [ 121.4465484, 31.0376933 ], [ 121.4466959, 31.0376841 ] ] } },
{ "type": "Feature", "properties": { "highway": "footway" }, "geometry": { "type": "LineString", "coordinates": [ [ 121.4466959, 31.0376841 ], [ 121.4469668, 31.0378611 ] ] } },
{ "type": "Feature", "properties": { "highway": "footway" }, "geometry": { "type": "LineString", "coordinates": [ [ 121.4469668, 31.0378611 ], [ 121.4470955, 31.0378702 ] ] } },
{ "type": "Feature", "properties": { "highway": "footway" }, "geometry": { "type": "LineString", "coordinates": [ [ 121.4478567, 31.0378384 ], [ 121.4477911, 31.0378784 ] ] } },
{ "type": "Feature", "properties": { "highway": "footway" }, "geometry": { "type": "LineString", "coordinates": [ [ 121.4477911, 31.0378784 ], [ 121.4476749, 31.0379443 ] ] } },
{ "type": "Feature", "properties": { "highway": "footway" }, "geometry": { "type": "LineString", "coordinates": [ [ 121.4476749, 31.0379443 ], [ 121.4475594, 31.0380194 ] ] } },
{ "type": "Feature", "properties": { "highway": "footway" }, "geometry": { "type": "LineString", "coordinates": [ [ 121.448683, 31.0378392 ], [ 121.4487851, 31.0378647 ] ] } },
{ "type": "Feature", "properties": { "highway": "footway" }, "geometry": { "type": "LineString", "coordinates": [ [ 121.4470955, 31.0378702 ], [ 121.4472457, 31.0378404 ] ] } },
{ "type": "Feature", "properties": { "highway": "footway" }, "geometry": { "type": "LineString", "coordinates": [ [ 121.4472457, 31.0378404 ], [ 121.447471, 31.0379461 ] ] } },
{ "type": "Feature", "properties": { "highway": "footway" }, "geometry": { "type": "LineString", "coordinates": [ [ 121.447471, 31.0379461 ], [ 121.4475594, 31.0380194 ] ] } },
{ "type": "Feature", "properties": { "highway": "footway" }, "geometry": { "type": "LineString", "coordinates": [ [ 121.4470955, 31.0378702 ], [ 121.447176, 31.0379622 ] ] } },
{ "type": "Feature", "properties": { "highway": "footway" }, "geometry": { "type": "LineString", "coordinates": [ [ 121.447176, 31.0379622 ], [ 121.4473128, 31.0380771 ] ] } },
{ "type": "Feature", "properties": { "highway": "footway" }, "geometry": { "type": "LineString", "coordinates": [ [ 121.4473128, 31.0380771 ], [ 121.4474147, 31.0380909 ] ] } },
{ "type": "Feature", "properties": { "highway": "footway" }, "geometry": { "type": "LineString", "coordinates": [ [ 121.4474147, 31.0380909 ], [ 121.4475113, 31.0380472 ] ] } },
{ "type": "Feature", "properties": { "highway": "footway" }, "geometry": { "type": "LineString", "coordinates": [ [ 121.4475113, 31.0380472 ], [ 121.4475594, 31.0380194 ] ] } },
{ "type": "Feature", "properties": { "highway": "footway" }, "geometry": { "type": "LineString", "coordinates": [ [ 121.4421579, 31.0401028 ], [ 121.4422119, 31.0401113 ] ] } },
{ "type": "Feature", "properties": { "highway": "footway" }, "geometry": { "type": "LineString", "coordinates": [ [ 121.4422119, 31.0401113 ], [ 121.442266, 31.0401039 ] ] } },
{ "type": "Feature", "properties": { "highway": "footway" }, "geometry": { "type": "LineString", "coordinates": [ [ 121.442266, 31.0401039 ], [ 121.4423141, 31.0400814 ] ] } },
{ "type": "Feature", "properties": { "highway": "footway" }, "geometry": { "type": "LineString", "coordinates": [ [ 121.4423141, 31.0400814 ], [ 121.4423506, 31.0400463 ] ] } },
{ "type": "Feature", "properties": { "highway": "footway" }, "geometry": { "type": "LineString", "coordinates": [ [ 121.4423506, 31.0400463 ], [ 121.4423713, 31.0400028 ] ] } },
{ "type": "Feature", "properties": { "highway": "footway" }, "geometry": { "type": "LineString", "coordinates": [ [ 121.4423713, 31.0400028 ], [ 121.4423739, 31.0399559 ] ] } },
{ "type": "Feature", "properties": { "highway": "footway" }, "geometry": { "type": "LineString", "coordinates": [ [ 121.4423739, 31.0399559 ], [ 121.4423579, 31.0399109 ] ] } },
{ "type": "Feature", "properties": { "highway": "footway" }, "geometry": { "type": "LineString", "coordinates": [ [ 121.4423579, 31.0399109 ], [ 121.4423253, 31.0398732 ] ] } },
{ "type": "Feature", "properties": { "highway": "footway" }, "geometry": { "type": "LineString", "coordinates": [ [ 121.4421579, 31.0401028 ], [ 121.4421136, 31.0400816 ] ] } },
{ "type": "Feature", "properties": { "highway": "footway" }, "geometry": { "type": "LineString", "coordinates": [ [ 121.4421136, 31.0400816 ], [ 121.4420792, 31.0400495 ] ] } },
{ "type": "Feature", "properties": { "highway": "footway" }, "geometry": { "type": "LineString", "coordinates": [ [ 121.4420792, 31.0400495 ], [ 121.4420582, 31.04001 ] ] } },
{ "type": "Feature", "properties": { "highway": "footway" }, "geometry": { "type": "LineString", "coordinates": [ [ 121.4420582, 31.04001 ], [ 121.4420525, 31.0399667 ] ] } },
{ "type": "Feature", "properties": { "highway": "footway" }, "geometry": { "type": "LineString", "coordinates": [ [ 121.4420525, 31.0399667 ], [ 121.4420628, 31.0399241 ] ] } },
{ "type": "Feature", "properties": { "highway": "footway" }, "geometry": { "type": "LineString", "coordinates": [ [ 121.4420628, 31.0399241 ], [ 121.442088, 31.0398864 ] ] } },
{ "type": "Feature", "properties": { "highway": "footway" }, "geometry": { "type": "LineString", "coordinates": [ [ 121.442088, 31.0398864 ], [ 121.4421257, 31.0398572 ] ] } },
{ "type": "Feature", "properties": { "highway": "footway" }, "geometry": { "type": "LineString", "coordinates": [ [ 121.4421257, 31.0398572 ], [ 121.4421721, 31.0398395 ] ] } },
{ "type": "Feature", "properties": { "highway": "footway" }, "geometry": { "type": "LineString", "coordinates": [ [ 121.4421721, 31.0398395 ], [ 121.4422267, 31.0398352 ] ] } },
{ "type": "Feature", "properties": { "highway": "footway" }, "geometry": { "type": "LineString", "coordinates": [ [ 121.4423253, 31.0398732 ], [ 121.4422798, 31.0398469 ] ] } },
{ "type": "Feature", "properties": { "highway": "footway" }, "geometry": { "type": "LineString", "coordinates": [ [ 121.4422798, 31.0398469 ], [ 121.4422267, 31.0398352 ] ] } },
{ "type": "Feature", "properties": { "highway": "footway" }, "geometry": { "type": "LineString", "coordinates": [ [ 121.4642539, 31.0377461 ], [ 121.4628708, 31.0375774 ] ] } },
{ "type": "Feature", "properties": { "highway": "footway" }, "geometry": { "type": "LineString", "coordinates": [ [ 121.4642539, 31.0377461 ], [ 121.4643818, 31.0369952 ] ] } },
{ "type": "Feature", "properties": { "highway": "footway" }, "geometry": { "type": "LineString", "coordinates": [ [ 121.4643818, 31.0369952 ], [ 121.4645311, 31.0362876 ] ] } },
{ "type": "Feature", "properties": { "highway": "footway" }, "geometry": { "type": "LineString", "coordinates": [ [ 121.4628708, 31.0375774 ], [ 121.4630405, 31.0363514 ] ] } },
{ "type": "Feature", "properties": { "highway": "footway" }, "geometry": { "type": "LineString", "coordinates": [ [ 121.4628708, 31.0375774 ], [ 121.462814, 31.0379413 ] ] } },
{ "type": "Feature", "properties": { "highway": "footway" }, "geometry": { "type": "LineString", "coordinates": [ [ 121.4628008, 31.0380255 ], [ 121.462814, 31.0379413 ] ] } },
{ "type": "Feature", "properties": { "highway": "footway" }, "geometry": { "type": "LineString", "coordinates": [ [ 121.4631564, 31.0355133 ], [ 121.4630726, 31.0361191 ] ] } },
{ "type": "Feature", "properties": { "highway": "footway" }, "geometry": { "type": "LineString", "coordinates": [ [ 121.4631564, 31.0355133 ], [ 121.4630309, 31.0354976 ] ] } },
{ "type": "Feature", "properties": { "highway": "footway" }, "geometry": { "type": "LineString", "coordinates": [ [ 121.4630309, 31.0354976 ], [ 121.4626837, 31.0354542 ] ] } },
{ "type": "Feature", "properties": { "highway": "footway" }, "geometry": { "type": "LineString", "coordinates": [ [ 121.4626837, 31.0354542 ], [ 121.4612725, 31.0352776 ] ] } },
{ "type": "Feature", "properties": { "highway": "footway" }, "geometry": { "type": "LineString", "coordinates": [ [ 121.4612725, 31.0352776 ], [ 121.4609057, 31.0352317 ] ] } },
{ "type": "Feature", "properties": { "highway": "footway" }, "geometry": { "type": "LineString", "coordinates": [ [ 121.4609057, 31.0352317 ], [ 121.4589777, 31.0349904 ] ] } },
{ "type": "Feature", "properties": { "highway": "footway" }, "geometry": { "type": "LineString", "coordinates": [ [ 121.4630726, 31.0361191 ], [ 121.4630405, 31.0363514 ] ] } },
{ "type": "Feature", "properties": { "highway": "footway" }, "geometry": { "type": "LineString", "coordinates": [ [ 121.4630726, 31.0361191 ], [ 121.4645311, 31.0362876 ] ] } },
{ "type": "Feature", "properties": { "highway": "footway" }, "geometry": { "type": "LineString", "coordinates": [ [ 121.4527716, 31.037017 ], [ 121.452698042739158, 31.037386511721436 ] ] } },
{ "type": "Feature", "properties": { "highway": "footway" }, "geometry": { "type": "LineString", "coordinates": [ [ 121.452698042739158, 31.037386511721436 ], [ 121.452690936337532, 31.0374222104229 ] ] } },
{ "type": "Feature", "properties": { "highway": "footway" }, "geometry": { "type": "LineString", "coordinates": [ [ 121.452690936337532, 31.0374222104229 ], [ 121.4526906, 31.0374239 ] ] } },
{ "type": "Feature", "properties": { "highway": "footway" }, "geometry": { "type": "LineString", "coordinates": [ [ 121.4526906, 31.0374239 ], [ 121.4525836, 31.0378163 ] ] } },
{ "type": "Feature", "properties": { "highway": "footway" }, "geometry": { "type": "LineString", "coordinates": [ [ 121.4525836, 31.0378163 ], [ 121.452125, 31.0390248 ] ] } },
{ "type": "Feature", "properties": { "highway": "footway" }, "geometry": { "type": "LineString", "coordinates": [ [ 121.452125, 31.0390248 ], [ 121.4518716, 31.0396321 ] ] } },
{ "type": "Feature", "properties": { "highway": "footway" }, "geometry": { "type": "LineString", "coordinates": [ [ 121.4526404, 31.0369963 ], [ 121.45257434272844, 31.037137310391397 ] ] } },
{ "type": "Feature", "properties": { "highway": "footway" }, "geometry": { "type": "LineString", "coordinates": [ [ 121.45257434272844, 31.037137310391397 ], [ 121.452514463512301, 31.03726513268116 ] ] } },
{ "type": "Feature", "properties": { "highway": "footway" }, "geometry": { "type": "LineString", "coordinates": [ [ 121.452514463512301, 31.03726513268116 ], [ 121.4523159, 31.037689 ] ] } },
{ "type": "Feature", "properties": { "highway": "footway" }, "geometry": { "type": "LineString", "coordinates": [ [ 121.4523159, 31.037689 ], [ 121.4520544, 31.0383321 ] ] } },
{ "type": "Feature", "properties": { "highway": "footway" }, "geometry": { "type": "LineString", "coordinates": [ [ 121.4520544, 31.0383321 ], [ 121.4514339, 31.0399357 ] ] } },
{ "type": "Feature", "properties": { "highway": "footway" }, "geometry": { "type": "LineString", "coordinates": [ [ 121.4526707, 31.0378397 ], [ 121.4528411, 31.037403 ] ] } },
{ "type": "Feature", "properties": { "highway": "footway" }, "geometry": { "type": "LineString", "coordinates": [ [ 121.4518716, 31.0396321 ], [ 121.4517244, 31.0398925 ] ] } },
{ "type": "Feature", "properties": { "highway": "footway" }, "geometry": { "type": "LineString", "coordinates": [ [ 121.4517244, 31.0398925 ], [ 121.4516207, 31.0400614 ] ] } },
{ "type": "Feature", "properties": { "highway": "footway" }, "geometry": { "type": "LineString", "coordinates": [ [ 121.4518716, 31.0396321 ], [ 121.4518291, 31.0397575 ] ] } },
{ "type": "Feature", "properties": { "highway": "footway" }, "geometry": { "type": "LineString", "coordinates": [ [ 121.4518291, 31.0397575 ], [ 121.4517416, 31.040072 ] ] } },
{ "type": "Feature", "properties": { "highway": "footway" }, "geometry": { "type": "LineString", "coordinates": [ [ 121.451562, 31.0402273 ], [ 121.4514122, 31.0401887 ] ] } },
{ "type": "Feature", "properties": { "highway": "footway" }, "geometry": { "type": "LineString", "coordinates": [ [ 121.451562, 31.0402273 ], [ 121.4515196, 31.0403385 ] ] } },
{ "type": "Feature", "properties": { "highway": "footway" }, "geometry": { "type": "LineString", "coordinates": [ [ 121.451562, 31.0402273 ], [ 121.4516207, 31.0400614 ] ] } },
{ "type": "Feature", "properties": { "highway": "footway" }, "geometry": { "type": "LineString", "coordinates": [ [ 121.4518332, 31.0403837 ], [ 121.4526306, 31.0406409 ] ] } },
{ "type": "Feature", "properties": { "highway": "footway" }, "geometry": { "type": "LineString", "coordinates": [ [ 121.4526306, 31.0406409 ], [ 121.4531234, 31.0408087 ] ] } },
{ "type": "Feature", "properties": { "highway": "footway" }, "geometry": { "type": "LineString", "coordinates": [ [ 121.4531234, 31.0408087 ], [ 121.4541476, 31.0411461 ] ] } },
{ "type": "Feature", "properties": { "highway": "footway" }, "geometry": { "type": "LineString", "coordinates": [ [ 121.4515196, 31.0403385 ], [ 121.4513752, 31.0402949 ] ] } },
{ "type": "Feature", "properties": { "highway": "footway" }, "geometry": { "type": "LineString", "coordinates": [ [ 121.4513752, 31.0402949 ], [ 121.4514122, 31.0401887 ] ] } },
{ "type": "Feature", "properties": { "highway": "footway" }, "geometry": { "type": "LineString", "coordinates": [ [ 121.4599327, 31.0407786 ], [ 121.4598757, 31.0407704 ] ] } },
{ "type": "Feature", "properties": { "highway": "footway" }, "geometry": { "type": "LineString", "coordinates": [ [ 121.4599327, 31.0407786 ], [ 121.4599511, 31.040684 ] ] } },
{ "type": "Feature", "properties": { "highway": "footway" }, "geometry": { "type": "LineString", "coordinates": [ [ 121.4599511, 31.040684 ], [ 121.4599456, 31.0406617 ] ] } },
{ "type": "Feature", "properties": { "highway": "footway" }, "geometry": { "type": "LineString", "coordinates": [ [ 121.4601564, 31.0396317 ], [ 121.46012, 31.0398033 ] ] } },
{ "type": "Feature", "properties": { "highway": "footway" }, "geometry": { "type": "LineString", "coordinates": [ [ 121.4594131, 31.040311 ], [ 121.459993, 31.0404013 ] ] } },
{ "type": "Feature", "properties": { "highway": "footway" }, "geometry": { "type": "LineString", "coordinates": [ [ 121.459993, 31.0404013 ], [ 121.4600514, 31.0401278 ] ] } },
{ "type": "Feature", "properties": { "highway": "footway" }, "geometry": { "type": "LineString", "coordinates": [ [ 121.459993, 31.0404013 ], [ 121.4606518, 31.040502 ] ] } },
{ "type": "Feature", "properties": { "highway": "footway" }, "geometry": { "type": "LineString", "coordinates": [ [ 121.459993, 31.0404013 ], [ 121.459944, 31.0406324 ] ] } },
{ "type": "Feature", "properties": { "highway": "footway" }, "geometry": { "type": "LineString", "coordinates": [ [ 121.459944, 31.0406324 ], [ 121.4599456, 31.0406617 ] ] } },
{ "type": "Feature", "properties": { "highway": "footway" }, "geometry": { "type": "LineString", "coordinates": [ [ 121.4594662, 31.0400471 ], [ 121.4600514, 31.0401278 ] ] } },
{ "type": "Feature", "properties": { "highway": "footway" }, "geometry": { "type": "LineString", "coordinates": [ [ 121.4600514, 31.0401278 ], [ 121.46012, 31.0398033 ] ] } },
{ "type": "Feature", "properties": { "highway": "footway" }, "geometry": { "type": "LineString", "coordinates": [ [ 121.4600514, 31.0401278 ], [ 121.4606766, 31.0402139 ] ] } },
{ "type": "Feature", "properties": { "highway": "footway" }, "geometry": { "type": "LineString", "coordinates": [ [ 121.4595087, 31.0397045 ], [ 121.46012, 31.0398033 ] ] } },
{ "type": "Feature", "properties": { "highway": "footway" }, "geometry": { "type": "LineString", "coordinates": [ [ 121.46012, 31.0398033 ], [ 121.4607297, 31.0398955 ] ] } },
{ "type": "Feature", "properties": { "highway": "footway" }, "geometry": { "type": "LineString", "coordinates": [ [ 121.4599456, 31.0406617 ], [ 121.4605179, 31.0407502 ] ] } },
{ "type": "Feature", "properties": { "highway": "footway" }, "geometry": { "type": "LineString", "coordinates": [ [ 121.4599456, 31.0406617 ], [ 121.4593924, 31.0405762 ] ] } },
{ "type": "Feature", "properties": { "highway": "footway" }, "geometry": { "type": "LineString", "coordinates": [ [ 121.4593924, 31.0405762 ], [ 121.459362, 31.0406969 ] ] } },
{ "type": "Feature", "properties": { "highway": "footway" }, "geometry": { "type": "LineString", "coordinates": [ [ 121.459362, 31.0406969 ], [ 121.4598757, 31.0407704 ] ] } },
{ "type": "Feature", "properties": { "highway": "footway" }, "geometry": { "type": "LineString", "coordinates": [ [ 121.459362, 31.0406969 ], [ 121.4592413, 31.0406796 ] ] } },
{ "type": "Feature", "properties": { "highway": "footway" }, "geometry": { "type": "LineString", "coordinates": [ [ 121.4592413, 31.0406796 ], [ 121.459212, 31.0408221 ] ] } },
{ "type": "Feature", "properties": { "highway": "footway" }, "geometry": { "type": "LineString", "coordinates": [ [ 121.4598757, 31.0407704 ], [ 121.4598082, 31.0410465 ] ] } },
{ "type": "Feature", "properties": { "highway": "footway" }, "geometry": { "type": "LineString", "coordinates": [ [ 121.4596543, 31.0416357 ], [ 121.4597451, 31.0413001 ] ] } },
{ "type": "Feature", "properties": { "highway": "footway" }, "geometry": { "type": "LineString", "coordinates": [ [ 121.4596543, 31.0416357 ], [ 121.4598454, 31.0416665 ] ] } },
{ "type": "Feature", "properties": { "highway": "footway" }, "geometry": { "type": "LineString", "coordinates": [ [ 121.4596543, 31.0416357 ], [ 121.4591263, 31.0415505 ] ] } },
{ "type": "Feature", "properties": { "highway": "footway" }, "geometry": { "type": "LineString", "coordinates": [ [ 121.459222, 31.0412304 ], [ 121.4597451, 31.0413001 ] ] } },
{ "type": "Feature", "properties": { "highway": "footway" }, "geometry": { "type": "LineString", "coordinates": [ [ 121.4591416, 31.0411117 ], [ 121.459212, 31.0408221 ] ] } },
{ "type": "Feature", "properties": { "highway": "footway" }, "geometry": { "type": "LineString", "coordinates": [ [ 121.4591416, 31.0411117 ], [ 121.4590923, 31.0414053 ] ] } },
{ "type": "Feature", "properties": { "highway": "footway" }, "geometry": { "type": "LineString", "coordinates": [ [ 121.4591416, 31.0411117 ], [ 121.4584981, 31.0410203 ] ] } },
{ "type": "Feature", "properties": { "highway": "footway" }, "geometry": { "type": "LineString", "coordinates": [ [ 121.4602727, 31.0413704 ], [ 121.4597451, 31.0413001 ] ] } },
{ "type": "Feature", "properties": { "highway": "footway" }, "geometry": { "type": "LineString", "coordinates": [ [ 121.4592757, 31.0409763 ], [ 121.4598082, 31.0410465 ] ] } },
{ "type": "Feature", "properties": { "highway": "footway" }, "geometry": { "type": "LineString", "coordinates": [ [ 121.4598082, 31.0410465 ], [ 121.4597451, 31.0413001 ] ] } },
{ "type": "Feature", "properties": { "highway": "footway" }, "geometry": { "type": "LineString", "coordinates": [ [ 121.4598082, 31.0410465 ], [ 121.4603078, 31.0411163 ] ] } },
{ "type": "Feature", "properties": { "highway": "footway" }, "geometry": { "type": "LineString", "coordinates": [ [ 121.4585962, 31.0416525 ], [ 121.4590261, 31.0417038 ] ] } },
{ "type": "Feature", "properties": { "highway": "footway" }, "geometry": { "type": "LineString", "coordinates": [ [ 121.4590261, 31.0417038 ], [ 121.4590375, 31.0416724 ] ] } },
{ "type": "Feature", "properties": { "highway": "footway" }, "geometry": { "type": "LineString", "coordinates": [ [ 121.4590375, 31.0416724 ], [ 121.4590923, 31.0414053 ] ] } },
{ "type": "Feature", "properties": { "highway": "footway" }, "geometry": { "type": "LineString", "coordinates": [ [ 121.4584164, 31.0413144 ], [ 121.4590923, 31.0414053 ] ] } },
{ "type": "Feature", "properties": { "highway": "footway" }, "geometry": { "type": "LineString", "coordinates": [ [ 121.4585308, 31.0407422 ], [ 121.459212, 31.0408221 ] ] } },
{ "type": "Feature", "properties": { "highway": "footway" }, "geometry": { "type": "LineString", "coordinates": [ [ 121.4584171, 31.0405344 ], [ 121.4583331, 31.0408913 ] ] } },
{ "type": "Feature", "properties": { "highway": "footway" }, "geometry": { "type": "LineString", "coordinates": [ [ 121.4582612, 31.0411971 ], [ 121.4583331, 31.0408913 ] ] } },
{ "type": "Feature", "properties": { "highway": "footway" }, "geometry": { "type": "LineString", "coordinates": [ [ 121.4582612, 31.0411971 ], [ 121.4582138, 31.0413983 ] ] } },
{ "type": "Feature", "properties": { "highway": "footway" }, "geometry": { "type": "LineString", "coordinates": [ [ 121.4582138, 31.0413983 ], [ 121.4581935, 31.0416003 ] ] } },
{ "type": "Feature", "properties": { "highway": "footway" }, "geometry": { "type": "LineString", "coordinates": [ [ 121.4581935, 31.0416003 ], [ 121.4583155, 31.0417989 ] ] } },
{ "type": "Feature", "properties": { "highway": "footway" }, "geometry": { "type": "LineString", "coordinates": [ [ 121.4583155, 31.0417989 ], [ 121.458409, 31.0418755 ] ] } },
{ "type": "Feature", "properties": { "highway": "footway" }, "geometry": { "type": "LineString", "coordinates": [ [ 121.458409, 31.0418755 ], [ 121.4583726, 31.0419975 ] ] } },
{ "type": "Feature", "properties": { "highway": "footway" }, "geometry": { "type": "LineString", "coordinates": [ [ 121.4582612, 31.0411971 ], [ 121.4578069, 31.041114 ] ] } },
{ "type": "Feature", "properties": { "highway": "footway" }, "geometry": { "type": "LineString", "coordinates": [ [ 121.4578069, 31.041114 ], [ 121.4577299, 31.041016 ] ] } },
{ "type": "Feature", "properties": { "highway": "footway" }, "geometry": { "type": "LineString", "coordinates": [ [ 121.4577299, 31.041016 ], [ 121.4577532, 31.040876 ] ] } },
{ "type": "Feature", "properties": { "highway": "footway" }, "geometry": { "type": "LineString", "coordinates": [ [ 121.4577532, 31.040876 ], [ 121.4577883, 31.0407939 ] ] } },
{ "type": "Feature", "properties": { "highway": "footway" }, "geometry": { "type": "LineString", "coordinates": [ [ 121.4577299, 31.041016 ], [ 121.4576499, 31.041012 ] ] } },
{ "type": "Feature", "properties": { "highway": "footway" }, "geometry": { "type": "LineString", "coordinates": [ [ 121.4576499, 31.041012 ], [ 121.4573672, 31.0416713 ] ] } },
{ "type": "Feature", "properties": { "highway": "footway" }, "geometry": { "type": "LineString", "coordinates": [ [ 121.4577883, 31.0407939 ], [ 121.4583331, 31.0408913 ] ] } },
{ "type": "Feature", "properties": { "highway": "footway" }, "geometry": { "type": "LineString", "coordinates": [ [ 121.4577883, 31.0407939 ], [ 121.4575664, 31.0407199 ] ] } },
{ "type": "Feature", "properties": { "highway": "footway" }, "geometry": { "type": "LineString", "coordinates": [ [ 121.4575664, 31.0407199 ], [ 121.4574964, 31.0406299 ] ] } },
{ "type": "Feature", "properties": { "highway": "footway" }, "geometry": { "type": "LineString", "coordinates": [ [ 121.4574964, 31.0406299 ], [ 121.4574349, 31.0405286 ] ] } },
{ "type": "Feature", "properties": { "highway": "footway" }, "geometry": { "type": "LineString", "coordinates": [ [ 121.4583726, 31.0419975 ], [ 121.4573672, 31.0416713 ] ] } },
{ "type": "Feature", "properties": { "highway": "footway" }, "geometry": { "type": "LineString", "coordinates": [ [ 121.455458, 31.0410518 ], [ 121.4573672, 31.0416713 ] ] } },
{ "type": "Feature", "properties": { "highway": "footway" }, "geometry": { "type": "LineString", "coordinates": [ [ 121.4541476, 31.0411461 ], [ 121.4538675, 31.0417967 ] ] } },
{ "type": "Feature", "properties": { "highway": "footway" }, "geometry": { "type": "LineString", "coordinates": [ [ 121.4538675, 31.0417967 ], [ 121.4523537, 31.0412825 ] ] } },
{ "type": "Feature", "properties": { "highway": "footway" }, "geometry": { "type": "LineString", "coordinates": [ [ 121.4523537, 31.0412825 ], [ 121.4522573, 31.0415529 ] ] } },
{ "type": "Feature", "properties": { "highway": "footway" }, "geometry": { "type": "LineString", "coordinates": [ [ 121.4480285, 31.0286233 ], [ 121.4480211, 31.0285389 ] ] } },
{ "type": "Feature", "properties": { "highway": "footway" }, "geometry": { "type": "LineString", "coordinates": [ [ 121.4480211, 31.0285389 ], [ 121.4480054, 31.0284605 ] ] } },
{ "type": "Feature", "properties": { "highway": "footway" }, "geometry": { "type": "LineString", "coordinates": [ [ 121.4480054, 31.0284605 ], [ 121.447984, 31.0284008 ] ] } },
{ "type": "Feature", "properties": { "highway": "footway" }, "geometry": { "type": "LineString", "coordinates": [ [ 121.447984, 31.0284008 ], [ 121.4479627, 31.0283755 ] ] } },
{ "type": "Feature", "properties": { "highway": "footway" }, "geometry": { "type": "LineString", "coordinates": [ [ 121.4479627, 31.0283755 ], [ 121.4479353, 31.0283577 ] ] } },
{ "type": "Feature", "properties": { "highway": "footway" }, "geometry": { "type": "LineString", "coordinates": [ [ 121.4479353, 31.0283577 ], [ 121.4478761, 31.028341 ] ] } },
{ "type": "Feature", "properties": { "highway": "footway" }, "geometry": { "type": "LineString", "coordinates": [ [ 121.4478761, 31.028341 ], [ 121.4477305, 31.0283202 ] ] } },
{ "type": "Feature", "properties": { "highway": "footway" }, "geometry": { "type": "LineString", "coordinates": [ [ 121.4477305, 31.0283202 ], [ 121.4475092, 31.0282873 ] ] } },
{ "type": "Feature", "properties": { "highway": "footway" }, "geometry": { "type": "LineString", "coordinates": [ [ 121.4475092, 31.0282873 ], [ 121.4472601, 31.0282323 ] ] } },
{ "type": "Feature", "properties": { "highway": "footway" }, "geometry": { "type": "LineString", "coordinates": [ [ 121.4472601, 31.0282323 ], [ 121.4470772, 31.0281649 ] ] } },
{ "type": "Feature", "properties": { "highway": "footway" }, "geometry": { "type": "LineString", "coordinates": [ [ 121.4470772, 31.0281649 ], [ 121.4469109, 31.0280816 ] ] } },
{ "type": "Feature", "properties": { "highway": "footway" }, "geometry": { "type": "LineString", "coordinates": [ [ 121.4469109, 31.0280816 ], [ 121.4466746, 31.027948 ] ] } },
{ "type": "Feature", "properties": { "highway": "footway" }, "geometry": { "type": "LineString", "coordinates": [ [ 121.4649592, 31.0281508 ], [ 121.4649356, 31.0281982 ] ] } },
{ "type": "Feature", "properties": { "highway": "footway" }, "geometry": { "type": "LineString", "coordinates": [ [ 121.4649592, 31.0281508 ], [ 121.4651088, 31.0282108 ] ] } },
{ "type": "Feature", "properties": { "highway": "footway" }, "geometry": { "type": "LineString", "coordinates": [ [ 121.4649592, 31.0281508 ], [ 121.4645366, 31.0279283 ] ] } },
{ "type": "Feature", "properties": { "highway": "footway" }, "geometry": { "type": "LineString", "coordinates": [ [ 121.4645366, 31.0279283 ], [ 121.464269, 31.027761 ] ] } },
{ "type": "Feature", "properties": { "highway": "footway" }, "geometry": { "type": "LineString", "coordinates": [ [ 121.4636541, 31.0304058 ], [ 121.4638352, 31.0304555 ] ] } },
{ "type": "Feature", "properties": { "highway": "footway" }, "geometry": { "type": "LineString", "coordinates": [ [ 121.4636541, 31.0304058 ], [ 121.4606501, 31.0295818 ] ] } },
{ "type": "Feature", "properties": { "highway": "footway" }, "geometry": { "type": "LineString", "coordinates": [ [ 121.4606501, 31.0295818 ], [ 121.4599891, 31.0294005 ] ] } },
{ "type": "Feature", "properties": { "highway": "footway" }, "geometry": { "type": "LineString", "coordinates": [ [ 121.4636541, 31.0304058 ], [ 121.4637391, 31.0302478 ] ] } },
{ "type": "Feature", "properties": { "highway": "footway" }, "geometry": { "type": "LineString", "coordinates": [ [ 121.4637391, 31.0302478 ], [ 121.463757, 31.0302169 ] ] } },
{ "type": "Feature", "properties": { "highway": "footway" }, "geometry": { "type": "LineString", "coordinates": [ [ 121.4638352, 31.0304555 ], [ 121.4639209, 31.0302977 ] ] } },
{ "type": "Feature", "properties": { "highway": "footway" }, "geometry": { "type": "LineString", "coordinates": [ [ 121.4639209, 31.0302977 ], [ 121.4639383, 31.0302656 ] ] } },
{ "type": "Feature", "properties": { "highway": "footway" }, "geometry": { "type": "LineString", "coordinates": [ [ 121.4651088, 31.0282108 ], [ 121.4650861, 31.0282589 ] ] } },
{ "type": "Feature", "properties": { "highway": "footway" }, "geometry": { "type": "LineString", "coordinates": [ [ 121.4651088, 31.0282108 ], [ 121.4652513, 31.0279077 ] ] } },
{ "type": "Feature", "properties": { "highway": "footway" }, "geometry": { "type": "LineString", "coordinates": [ [ 121.4651088, 31.0282108 ], [ 121.4652487, 31.0283161 ] ] } },
{ "type": "Feature", "properties": { "highway": "footway" }, "geometry": { "type": "LineString", "coordinates": [ [ 121.463757, 31.0302169 ], [ 121.4639383, 31.0302656 ] ] } },
{ "type": "Feature", "properties": { "highway": "footway" }, "geometry": { "type": "LineString", "coordinates": [ [ 121.463757, 31.0302169 ], [ 121.4600518, 31.0292205 ] ] } },
{ "type": "Feature", "properties": { "highway": "footway" }, "geometry": { "type": "LineString", "coordinates": [ [ 121.463757, 31.0302169 ], [ 121.4642536, 31.0293662 ] ] } },
{ "type": "Feature", "properties": { "highway": "footway" }, "geometry": { "type": "LineString", "coordinates": [ [ 121.4649356, 31.0281982 ], [ 121.4642536, 31.0293662 ] ] } },
{ "type": "Feature", "properties": { "highway": "footway" }, "geometry": { "type": "LineString", "coordinates": [ [ 121.4649356, 31.0281982 ], [ 121.4650861, 31.0282589 ] ] } },
{ "type": "Feature", "properties": { "highway": "footway" }, "geometry": { "type": "LineString", "coordinates": [ [ 121.4649356, 31.0281982 ], [ 121.4646052, 31.02804 ] ] } },
{ "type": "Feature", "properties": { "highway": "footway" }, "geometry": { "type": "LineString", "coordinates": [ [ 121.4646052, 31.02804 ], [ 121.46421, 31.027816 ] ] } },
{ "type": "Feature", "properties": { "highway": "footway" }, "geometry": { "type": "LineString", "coordinates": [ [ 121.4639383, 31.0302656 ], [ 121.4643962, 31.0294223 ] ] } },
{ "type": "Feature", "properties": { "highway": "footway" }, "geometry": { "type": "LineString", "coordinates": [ [ 121.4639383, 31.0302656 ], [ 121.4645049, 31.030418 ] ] } },
{ "type": "Feature", "properties": { "highway": "footway" }, "geometry": { "type": "LineString", "coordinates": [ [ 121.4645049, 31.030418 ], [ 121.4647114, 31.0305237 ] ] } },
{ "type": "Feature", "properties": { "highway": "footway" }, "geometry": { "type": "LineString", "coordinates": [ [ 121.4647114, 31.0305237 ], [ 121.4651861, 31.0306547 ] ] } },
{ "type": "Feature", "properties": { "highway": "footway" }, "geometry": { "type": "LineString", "coordinates": [ [ 121.4651861, 31.0306547 ], [ 121.465272, 31.0306501 ] ] } },
{ "type": "Feature", "properties": { "highway": "footway" }, "geometry": { "type": "LineString", "coordinates": [ [ 121.465272, 31.0306501 ], [ 121.4658031, 31.0307972 ] ] } },
{ "type": "Feature", "properties": { "highway": "footway" }, "geometry": { "type": "LineString", "coordinates": [ [ 121.4658031, 31.0307972 ], [ 121.4658808, 31.03085 ] ] } },
{ "type": "Feature", "properties": { "highway": "footway" }, "geometry": { "type": "LineString", "coordinates": [ [ 121.4658808, 31.03085 ], [ 121.4686723, 31.031618 ] ] } },
{ "type": "Feature", "properties": { "highway": "footway" }, "geometry": { "type": "LineString", "coordinates": [ [ 121.4686723, 31.031618 ], [ 121.4687482, 31.0317173 ] ] } },
{ "type": "Feature", "properties": { "highway": "footway" }, "geometry": { "type": "LineString", "coordinates": [ [ 121.4650861, 31.0282589 ], [ 121.4652487, 31.0283161 ] ] } },
{ "type": "Feature", "properties": { "highway": "footway" }, "geometry": { "type": "LineString", "coordinates": [ [ 121.4650861, 31.0282589 ], [ 121.4644886, 31.0292522 ] ] } },
{ "type": "Feature", "properties": { "highway": "footway" }, "geometry": { "type": "LineString", "coordinates": [ [ 121.4644886, 31.0292522 ], [ 121.4643962, 31.0294223 ] ] } },
{ "type": "Feature", "properties": { "highway": "footway" }, "geometry": { "type": "LineString", "coordinates": [ [ 121.4485033, 31.0393775 ], [ 121.4475375, 31.0390669 ] ] } },
{ "type": "Feature", "properties": { "highway": "footway" }, "geometry": { "type": "LineString", "coordinates": [ [ 121.4485033, 31.0393775 ], [ 121.4484931, 31.0397428 ] ] } },
{ "type": "Feature", "properties": { "highway": "footway" }, "geometry": { "type": "LineString", "coordinates": [ [ 121.4484931, 31.0397428 ], [ 121.4484905, 31.0399857 ] ] } },
{ "type": "Feature", "properties": { "highway": "footway" }, "geometry": { "type": "LineString", "coordinates": [ [ 121.448482, 31.0407566 ], [ 121.4484905, 31.0399857 ] ] } },
{ "type": "Feature", "properties": { "highway": "footway" }, "geometry": { "type": "LineString", "coordinates": [ [ 121.4484905, 31.0399857 ], [ 121.4492245, 31.0400016 ] ] } },
{ "type": "Feature", "properties": { "highway": "footway" }, "geometry": { "type": "LineString", "coordinates": [ [ 121.4492245, 31.0400016 ], [ 121.4494124, 31.040065 ] ] } },
{ "type": "Feature", "properties": { "highway": "footway" }, "geometry": { "type": "LineString", "coordinates": [ [ 121.4494124, 31.040065 ], [ 121.4495141, 31.0402498 ] ] } },
{ "type": "Feature", "properties": { "highway": "footway" }, "geometry": { "type": "LineString", "coordinates": [ [ 121.4495141, 31.0402498 ], [ 121.4489332, 31.040233 ] ] } },
{ "type": "Feature", "properties": { "highway": "footway" }, "geometry": { "type": "LineString", "coordinates": [ [ 121.4495141, 31.0402498 ], [ 121.4496435, 31.040329 ] ] } },
{ "type": "Feature", "properties": { "highway": "footway" }, "geometry": { "type": "LineString", "coordinates": [ [ 121.4496435, 31.040329 ], [ 121.4496928, 31.0404266 ] ] } },
{ "type": "Feature", "properties": { "highway": "footway" }, "geometry": { "type": "LineString", "coordinates": [ [ 121.4496928, 31.0404266 ], [ 121.4496904, 31.0407009 ] ] } },
{ "type": "Feature", "properties": { "highway": "footway" }, "geometry": { "type": "LineString", "coordinates": [ [ 121.4496882, 31.0415151 ], [ 121.4497746, 31.0415671 ] ] } },
{ "type": "Feature", "properties": { "highway": "footway" }, "geometry": { "type": "LineString", "coordinates": [ [ 121.4497746, 31.0415671 ], [ 121.4497886, 31.0417292 ] ] } },
{ "type": "Feature", "properties": { "highway": "footway" }, "geometry": { "type": "LineString", "coordinates": [ [ 121.4497886, 31.0417292 ], [ 121.4496859, 31.0419472 ] ] } },
{ "type": "Feature", "properties": { "highway": "footway" }, "geometry": { "type": "LineString", "coordinates": [ [ 121.4496859, 31.0419472 ], [ 121.4495925, 31.0419872 ] ] } },
{ "type": "Feature", "properties": { "highway": "footway" }, "geometry": { "type": "LineString", "coordinates": [ [ 121.4495925, 31.0419872 ], [ 121.4489737, 31.0418692 ] ] } },
{ "type": "Feature", "properties": { "highway": "footway" }, "geometry": { "type": "LineString", "coordinates": [ [ 121.4489737, 31.0418692 ], [ 121.4484694, 31.0417712 ] ] } },
{ "type": "Feature", "properties": { "highway": "footway" }, "geometry": { "type": "LineString", "coordinates": [ [ 121.4484694, 31.0417712 ], [ 121.4477992, 31.0417071 ] ] } },
{ "type": "Feature", "properties": { "highway": "footway" }, "geometry": { "type": "LineString", "coordinates": [ [ 121.4477992, 31.0417071 ], [ 121.4477222, 31.0416631 ] ] } },
{ "type": "Feature", "properties": { "highway": "footway" }, "geometry": { "type": "LineString", "coordinates": [ [ 121.4477222, 31.0416631 ], [ 121.4477222, 31.041379 ] ] } },
{ "type": "Feature", "properties": { "highway": "footway" }, "geometry": { "type": "LineString", "coordinates": [ [ 121.4477222, 31.041379 ], [ 121.4470872, 31.0413813 ] ] } },
{ "type": "Feature", "properties": { "highway": "footway" }, "geometry": { "type": "LineString", "coordinates": [ [ 121.4477222, 31.041379 ], [ 121.4480187, 31.041379 ] ] } },
{ "type": "Feature", "properties": { "highway": "footway" }, "geometry": { "type": "LineString", "coordinates": [ [ 121.4480187, 31.041379 ], [ 121.4480631, 31.041313 ] ] } },
{ "type": "Feature", "properties": { "highway": "footway" }, "geometry": { "type": "LineString", "coordinates": [ [ 121.4480631, 31.041313 ], [ 121.4481378, 31.041287 ] ] } },
{ "type": "Feature", "properties": { "highway": "footway" }, "geometry": { "type": "LineString", "coordinates": [ [ 121.4481378, 31.041287 ], [ 121.4486608, 31.041293 ] ] } },
{ "type": "Feature", "properties": { "highway": "footway" }, "geometry": { "type": "LineString", "coordinates": [ [ 121.4486608, 31.041293 ], [ 121.4486655, 31.0410509 ] ] } },
{ "type": "Feature", "properties": { "highway": "footway" }, "geometry": { "type": "LineString", "coordinates": [ [ 121.4486655, 31.0410509 ], [ 121.4491278, 31.0410449 ] ] } },
{ "type": "Feature", "properties": { "highway": "footway" }, "geometry": { "type": "LineString", "coordinates": [ [ 121.4491278, 31.0410449 ], [ 121.4491605, 31.041077 ] ] } },
{ "type": "Feature", "properties": { "highway": "footway" }, "geometry": { "type": "LineString", "coordinates": [ [ 121.4491605, 31.041077 ], [ 121.4491675, 31.0414891 ] ] } },
{ "type": "Feature", "properties": { "highway": "footway" }, "geometry": { "type": "LineString", "coordinates": [ [ 121.4470872, 31.0413813 ], [ 121.4471095, 31.0412971 ] ] } },
{ "type": "Feature", "properties": { "highway": "footway" }, "geometry": { "type": "LineString", "coordinates": [ [ 121.4471095, 31.0412971 ], [ 121.4472914, 31.0403495 ] ] } },
{ "type": "Feature", "properties": { "highway": "footway" }, "geometry": { "type": "LineString", "coordinates": [ [ 121.4472914, 31.0403495 ], [ 121.4473424, 31.0400833 ] ] } },
{ "type": "Feature", "properties": { "highway": "footway" }, "geometry": { "type": "LineString", "coordinates": [ [ 121.4473424, 31.0400833 ], [ 121.4475375, 31.0390669 ] ] } },
{ "type": "Feature", "properties": { "highway": "footway" }, "geometry": { "type": "LineString", "coordinates": [ [ 121.4491675, 31.0414891 ], [ 121.4489457, 31.0414931 ] ] } },
{ "type": "Feature", "properties": { "highway": "footway" }, "geometry": { "type": "LineString", "coordinates": [ [ 121.4491675, 31.0414891 ], [ 121.4496836, 31.0414971 ] ] } },
{ "type": "Feature", "properties": { "highway": "footway" }, "geometry": { "type": "LineString", "coordinates": [ [ 121.4496836, 31.0414971 ], [ 121.4496904, 31.0407009 ] ] } },
{ "type": "Feature", "properties": { "highway": "footway" }, "geometry": { "type": "LineString", "coordinates": [ [ 121.4496904, 31.0407009 ], [ 121.4495598, 31.0406948 ] ] } },
{ "type": "Feature", "properties": { "highway": "footway" }, "geometry": { "type": "LineString", "coordinates": [ [ 121.4495598, 31.0406948 ], [ 121.4495388, 31.0406788 ] ] } },
{ "type": "Feature", "properties": { "highway": "footway" }, "geometry": { "type": "LineString", "coordinates": [ [ 121.4495388, 31.0406788 ], [ 121.448948, 31.0406788 ] ] } },
{ "type": "Feature", "properties": { "highway": "footway" }, "geometry": { "type": "LineString", "coordinates": [ [ 121.4521513, 31.0418501 ], [ 121.4522573, 31.0415529 ] ] } },
{ "type": "Feature", "properties": { "highway": "footway" }, "geometry": { "type": "LineString", "coordinates": [ [ 121.4521513, 31.0418501 ], [ 121.4526487, 31.041998 ] ] } },
{ "type": "Feature", "properties": { "highway": "footway" }, "geometry": { "type": "LineString", "coordinates": [ [ 121.4522573, 31.0415529 ], [ 121.4527319, 31.0417024 ] ] } },
{ "type": "Feature", "properties": { "highway": "footway" }, "geometry": { "type": "LineString", "coordinates": [ [ 121.448896, 31.0282063 ], [ 121.4495464, 31.0283911 ] ] } },
{ "type": "Feature", "properties": { "highway": "footway" }, "geometry": { "type": "LineString", "coordinates": [ [ 121.4495464, 31.0283911 ], [ 121.449558, 31.0283942 ] ] } },
{ "type": "Feature", "properties": { "highway": "footway" }, "geometry": { "type": "LineString", "coordinates": [ [ 121.4683953, 31.0283487 ], [ 121.4679003, 31.0284017 ] ] } },
{ "type": "Feature", "properties": { "highway": "footway" }, "geometry": { "type": "LineString", "coordinates": [ [ 121.4679003, 31.0284017 ], [ 121.4674846, 31.0284651 ] ] } },
{ "type": "Feature", "properties": { "highway": "footway" }, "geometry": { "type": "LineString", "coordinates": [ [ 121.4674846, 31.0284651 ], [ 121.4670685, 31.0285521 ] ] } },
{ "type": "Feature", "properties": { "highway": "footway" }, "geometry": { "type": "LineString", "coordinates": [ [ 121.4670685, 31.0285521 ], [ 121.4667334, 31.0285866 ] ] } },
{ "type": "Feature", "properties": { "highway": "footway" }, "geometry": { "type": "LineString", "coordinates": [ [ 121.4667334, 31.0285866 ], [ 121.4663709, 31.0285759 ] ] } },
{ "type": "Feature", "properties": { "highway": "footway" }, "geometry": { "type": "LineString", "coordinates": [ [ 121.4663709, 31.0285759 ], [ 121.4660077, 31.028523 ] ] } },
{ "type": "Feature", "properties": { "highway": "footway" }, "geometry": { "type": "LineString", "coordinates": [ [ 121.4660077, 31.028523 ], [ 121.4656461, 31.0284363 ] ] } },
{ "type": "Feature", "properties": { "highway": "footway" }, "geometry": { "type": "LineString", "coordinates": [ [ 121.4656461, 31.0284363 ], [ 121.4652487, 31.0283161 ] ] } },
{ "type": "Feature", "properties": { "highway": "footway" }, "geometry": { "type": "LineString", "coordinates": [ [ 121.4598588, 31.0293647 ], [ 121.4599891, 31.0294005 ] ] } },
{ "type": "Feature", "properties": { "highway": "footway" }, "geometry": { "type": "LineString", "coordinates": [ [ 121.4598588, 31.0293647 ], [ 121.4599011, 31.0292486 ] ] } },
{ "type": "Feature", "properties": { "highway": "footway" }, "geometry": { "type": "LineString", "coordinates": [ [ 121.4599011, 31.0292486 ], [ 121.4599239, 31.0291861 ] ] } },
{ "type": "Feature", "properties": { "highway": "footway" }, "geometry": { "type": "LineString", "coordinates": [ [ 121.4599239, 31.0291861 ], [ 121.4600518, 31.0292205 ] ] } },
{ "type": "Feature", "properties": { "highway": "footway" }, "geometry": { "type": "LineString", "coordinates": [ [ 121.4599891, 31.0294005 ], [ 121.4600298, 31.0292837 ] ] } },
{ "type": "Feature", "properties": { "highway": "footway" }, "geometry": { "type": "LineString", "coordinates": [ [ 121.4600298, 31.0292837 ], [ 121.4600518, 31.0292205 ] ] } },
{ "type": "Feature", "properties": { "highway": "footway" }, "geometry": { "type": "LineString", "coordinates": [ [ 121.4643962, 31.0294223 ], [ 121.4642536, 31.0293662 ] ] } },
{ "type": "Feature", "properties": { "highway": "footway" }, "geometry": { "type": "LineString", "coordinates": [ [ 121.4606012, 31.0280514 ], [ 121.4631413, 31.0287116 ] ] } },
{ "type": "Feature", "properties": { "highway": "footway" }, "geometry": { "type": "LineString", "coordinates": [ [ 121.4631413, 31.0287116 ], [ 121.4632384, 31.0287465 ] ] } },
{ "type": "Feature", "properties": { "highway": "footway" }, "geometry": { "type": "LineString", "coordinates": [ [ 121.4632384, 31.0287465 ], [ 121.4632603, 31.0288002 ] ] } },
{ "type": "Feature", "properties": { "highway": "footway" }, "geometry": { "type": "LineString", "coordinates": [ [ 121.4632603, 31.0288002 ], [ 121.463254, 31.0288673 ] ] } },
{ "type": "Feature", "properties": { "highway": "footway" }, "geometry": { "type": "LineString", "coordinates": [ [ 121.463254, 31.0288673 ], [ 121.463182, 31.0290552 ] ] } },
{ "type": "Feature", "properties": { "highway": "footway" }, "geometry": { "type": "LineString", "coordinates": [ [ 121.463182, 31.0290552 ], [ 121.4635933, 31.0291667 ] ] } },
{ "type": "Feature", "properties": { "highway": "footway" }, "geometry": { "type": "LineString", "coordinates": [ [ 121.463182, 31.0290552 ], [ 121.4629649, 31.0289996 ] ] } },
{ "type": "Feature", "properties": { "highway": "footway" }, "geometry": { "type": "LineString", "coordinates": [ [ 121.4629649, 31.0289996 ], [ 121.4626736, 31.0297236 ] ] } },
{ "type": "Feature", "properties": { "highway": "footway" }, "geometry": { "type": "LineString", "coordinates": [ [ 121.4626736, 31.0297236 ], [ 121.4604404, 31.0290723 ] ] } },
{ "type": "Feature", "properties": { "highway": "footway" }, "geometry": { "type": "LineString", "coordinates": [ [ 121.4604404, 31.0290723 ], [ 121.4603778, 31.028973 ] ] } },
{ "type": "Feature", "properties": { "highway": "footway" }, "geometry": { "type": "LineString", "coordinates": [ [ 121.4603778, 31.028973 ], [ 121.4602493, 31.0289408 ] ] } },
{ "type": "Feature", "properties": { "highway": "footway" }, "geometry": { "type": "LineString", "coordinates": [ [ 121.4602493, 31.0289408 ], [ 121.4601335, 31.0289864 ] ] } },
{ "type": "Feature", "properties": { "highway": "footway" }, "geometry": { "type": "LineString", "coordinates": [ [ 121.4601335, 31.0289864 ], [ 121.4600518, 31.0292205 ] ] } },
{ "type": "Feature", "properties": { "highway": "footway" }, "geometry": { "type": "LineString", "coordinates": [ [ 121.4642536, 31.0293662 ], [ 121.4641593, 31.0293292 ] ] } },
{ "type": "Feature", "properties": { "highway": "footway" }, "geometry": { "type": "LineString", "coordinates": [ [ 121.4641593, 31.0293292 ], [ 121.4640861, 31.0293004 ] ] } },
{ "type": "Feature", "properties": { "highway": "footway" }, "geometry": { "type": "LineString", "coordinates": [ [ 121.4640861, 31.0293004 ], [ 121.4635933, 31.0291667 ] ] } },
{ "type": "Feature", "properties": { "highway": "footway" }, "geometry": { "type": "LineString", "coordinates": [ [ 121.4587605, 31.0365904 ], [ 121.4592539, 31.0366179 ] ] } },
{ "type": "Feature", "properties": { "highway": "footway" }, "geometry": { "type": "LineString", "coordinates": [ [ 121.4587605, 31.0365904 ], [ 121.4587927, 31.0364204 ] ] } },
{ "type": "Feature", "properties": { "highway": "footway" }, "geometry": { "type": "LineString", "coordinates": [ [ 121.4587927, 31.0364204 ], [ 121.4589214, 31.0362641 ] ] } },
{ "type": "Feature", "properties": { "highway": "footway" }, "geometry": { "type": "LineString", "coordinates": [ [ 121.4589214, 31.0362641 ], [ 121.4590018, 31.0362136 ] ] } },
{ "type": "Feature", "properties": { "highway": "footway" }, "geometry": { "type": "LineString", "coordinates": [ [ 121.4590018, 31.0362136 ], [ 121.4591252, 31.0361631 ] ] } },
{ "type": "Feature", "properties": { "highway": "footway" }, "geometry": { "type": "LineString", "coordinates": [ [ 121.4591252, 31.0361631 ], [ 121.4593666, 31.0361263 ] ] } },
{ "type": "Feature", "properties": { "highway": "footway" }, "geometry": { "type": "LineString", "coordinates": [ [ 121.4593666, 31.0361263 ], [ 121.4604554, 31.0361401 ] ] } },
{ "type": "Feature", "properties": { "highway": "footway" }, "geometry": { "type": "LineString", "coordinates": [ [ 121.4604554, 31.0361401 ], [ 121.4620645, 31.036379 ] ] } },
{ "type": "Feature", "properties": { "highway": "footway" }, "geometry": { "type": "LineString", "coordinates": [ [ 121.4587605, 31.0365904 ], [ 121.4586103, 31.0374726 ] ] } },
{ "type": "Feature", "properties": { "highway": "footway" }, "geometry": { "type": "LineString", "coordinates": [ [ 121.4586103, 31.0374726 ], [ 121.4586157, 31.0375369 ] ] } },
{ "type": "Feature", "properties": { "highway": "footway" }, "geometry": { "type": "LineString", "coordinates": [ [ 121.4586157, 31.0375369 ], [ 121.4586693, 31.0375829 ] ] } },
{ "type": "Feature", "properties": { "highway": "footway" }, "geometry": { "type": "LineString", "coordinates": [ [ 121.4586693, 31.0375829 ], [ 121.4595543, 31.0376977 ] ] } },
{ "type": "Feature", "properties": { "highway": "footway" }, "geometry": { "type": "LineString", "coordinates": [ [ 121.4595543, 31.0376977 ], [ 121.4598547, 31.0376656 ] ] } },
{ "type": "Feature", "properties": { "highway": "footway" }, "geometry": { "type": "LineString", "coordinates": [ [ 121.4598547, 31.0376656 ], [ 121.4600317, 31.0377023 ] ] } },
{ "type": "Feature", "properties": { "highway": "footway" }, "geometry": { "type": "LineString", "coordinates": [ [ 121.4600317, 31.0377023 ], [ 121.4601711, 31.0377621 ] ] } },
{ "type": "Feature", "properties": { "highway": "footway" }, "geometry": { "type": "LineString", "coordinates": [ [ 121.4601711, 31.0377621 ], [ 121.460332, 31.0377988 ] ] } },
{ "type": "Feature", "properties": { "highway": "footway" }, "geometry": { "type": "LineString", "coordinates": [ [ 121.460332, 31.0377988 ], [ 121.4617534, 31.0379642 ] ] } },
{ "type": "Feature", "properties": { "highway": "footway" }, "geometry": { "type": "LineString", "coordinates": [ [ 121.4617534, 31.0379642 ], [ 121.4618338, 31.0379596 ] ] } },
{ "type": "Feature", "properties": { "highway": "footway" }, "geometry": { "type": "LineString", "coordinates": [ [ 121.4618338, 31.0379596 ], [ 121.4619411, 31.0379872 ] ] } },
{ "type": "Feature", "properties": { "highway": "footway" }, "geometry": { "type": "LineString", "coordinates": [ [ 121.4619411, 31.0379872 ], [ 121.462279, 31.0380194 ] ] } },
{ "type": "Feature", "properties": { "highway": "footway" }, "geometry": { "type": "LineString", "coordinates": [ [ 121.462279, 31.0380194 ], [ 121.4624238, 31.038047 ] ] } },
{ "type": "Feature", "properties": { "highway": "footway" }, "geometry": { "type": "LineString", "coordinates": [ [ 121.4624238, 31.038047 ], [ 121.4626062, 31.0380424 ] ] } },
{ "type": "Feature", "properties": { "highway": "footway" }, "geometry": { "type": "LineString", "coordinates": [ [ 121.4626062, 31.0380424 ], [ 121.462814, 31.0379413 ] ] } },
{ "type": "Feature", "properties": { "highway": "footway" }, "geometry": { "type": "LineString", "coordinates": [ [ 121.4620645, 31.036379 ], [ 121.4619894, 31.0368017 ] ] } },
{ "type": "Feature", "properties": { "highway": "footway" }, "geometry": { "type": "LineString", "coordinates": [ [ 121.4620645, 31.036379 ], [ 121.4625847, 31.0363423 ] ] } },
{ "type": "Feature", "properties": { "highway": "footway" }, "geometry": { "type": "LineString", "coordinates": [ [ 121.4625847, 31.0363423 ], [ 121.4626545, 31.0363514 ] ] } },
{ "type": "Feature", "properties": { "highway": "footway" }, "geometry": { "type": "LineString", "coordinates": [ [ 121.4626545, 31.0363514 ], [ 121.462751, 31.0363239 ] ] } },
{ "type": "Feature", "properties": { "highway": "footway" }, "geometry": { "type": "LineString", "coordinates": [ [ 121.462751, 31.0363239 ], [ 121.4630405, 31.0363514 ] ] } },
{ "type": "Feature", "properties": { "highway": "footway" }, "geometry": { "type": "LineString", "coordinates": [ [ 121.4592539, 31.0366179 ], [ 121.4597259, 31.0365077 ] ] } },
{ "type": "Feature", "properties": { "highway": "footway" }, "geometry": { "type": "LineString", "coordinates": [ [ 121.4597259, 31.0365077 ], [ 121.4601765, 31.0364709 ] ] } },
{ "type": "Feature", "properties": { "highway": "footway" }, "geometry": { "type": "LineString", "coordinates": [ [ 121.4601765, 31.0364709 ], [ 121.4605787, 31.0364801 ] ] } },
{ "type": "Feature", "properties": { "highway": "footway" }, "geometry": { "type": "LineString", "coordinates": [ [ 121.4605787, 31.0364801 ], [ 121.4610829, 31.0365536 ] ] } },
{ "type": "Feature", "properties": { "highway": "footway" }, "geometry": { "type": "LineString", "coordinates": [ [ 121.4610829, 31.0365536 ], [ 121.4619894, 31.0368017 ] ] } },
{ "type": "Feature", "properties": { "highway": "footway" }, "geometry": { "type": "LineString", "coordinates": [ [ 121.4592539, 31.0366179 ], [ 121.4592593, 31.0367374 ] ] } },
{ "type": "Feature", "properties": { "highway": "footway" }, "geometry": { "type": "LineString", "coordinates": [ [ 121.4592593, 31.0367374 ], [ 121.4597527, 31.0371188 ] ] } },
{ "type": "Feature", "properties": { "highway": "footway" }, "geometry": { "type": "LineString", "coordinates": [ [ 121.4597527, 31.0371188 ], [ 121.4599673, 31.0372245 ] ] } },
{ "type": "Feature", "properties": { "highway": "footway" }, "geometry": { "type": "LineString", "coordinates": [ [ 121.4599673, 31.0372245 ], [ 121.4602087, 31.0373118 ] ] } },
{ "type": "Feature", "properties": { "highway": "footway" }, "geometry": { "type": "LineString", "coordinates": [ [ 121.4602087, 31.0373118 ], [ 121.46045, 31.0373715 ] ] } },
{ "type": "Feature", "properties": { "highway": "footway" }, "geometry": { "type": "LineString", "coordinates": [ [ 121.46045, 31.0373715 ], [ 121.4607718, 31.0374175 ] ] } },
{ "type": "Feature", "properties": { "highway": "footway" }, "geometry": { "type": "LineString", "coordinates": [ [ 121.4607718, 31.0374175 ], [ 121.4611956, 31.0374266 ] ] } },
{ "type": "Feature", "properties": { "highway": "footway" }, "geometry": { "type": "LineString", "coordinates": [ [ 121.4611956, 31.0374266 ], [ 121.4614101, 31.0374083 ] ] } },
{ "type": "Feature", "properties": { "highway": "footway" }, "geometry": { "type": "LineString", "coordinates": [ [ 121.4614101, 31.0374083 ], [ 121.461866, 31.0373072 ] ] } },
{ "type": "Feature", "properties": { "highway": "footway" }, "geometry": { "type": "LineString", "coordinates": [ [ 121.461866, 31.0373072 ], [ 121.4619036, 31.037275 ] ] } },
{ "type": "Feature", "properties": { "highway": "footway" }, "geometry": { "type": "LineString", "coordinates": [ [ 121.4619036, 31.037275 ], [ 121.4619572, 31.0371923 ] ] } },
{ "type": "Feature", "properties": { "highway": "footway" }, "geometry": { "type": "LineString", "coordinates": [ [ 121.4619572, 31.0371923 ], [ 121.4620162, 31.0368431 ] ] } },
{ "type": "Feature", "properties": { "highway": "footway" }, "geometry": { "type": "LineString", "coordinates": [ [ 121.4620162, 31.0368431 ], [ 121.4619894, 31.0368017 ] ] } },
{ "type": "Feature", "properties": { "highway": "footway" }, "geometry": { "type": "LineString", "coordinates": [ [ 121.455059, 31.0362306 ], [ 121.4540505, 31.0361893 ] ] } },
{ "type": "Feature", "properties": { "highway": "footway" }, "geometry": { "type": "LineString", "coordinates": [ [ 121.4540505, 31.0361893 ], [ 121.4531326, 31.0360422 ] ] } },
{ "type": "Feature", "properties": { "highway": "footway" }, "geometry": { "type": "LineString", "coordinates": [ [ 121.466367, 31.04149 ], [ 121.4662222, 31.0413797 ] ] } },
{ "type": "Feature", "properties": { "highway": "footway" }, "geometry": { "type": "LineString", "coordinates": [ [ 121.4662222, 31.0413797 ], [ 121.4661418, 31.0413659 ] ] } },
{ "type": "Feature", "properties": { "highway": "footway" }, "geometry": { "type": "LineString", "coordinates": [ [ 121.4661418, 31.0413659 ], [ 121.4657878, 31.0413613 ] ] } },
{ "type": "Feature", "properties": { "highway": "footway" }, "geometry": { "type": "LineString", "coordinates": [ [ 121.4657878, 31.0413613 ], [ 121.4652461, 31.0413108 ] ] } },
{ "type": "Feature", "properties": { "highway": "footway" }, "geometry": { "type": "LineString", "coordinates": [ [ 121.466367, 31.04149 ], [ 121.4667049, 31.0413981 ] ] } },
{ "type": "Feature", "properties": { "highway": "footway" }, "geometry": { "type": "LineString", "coordinates": [ [ 121.4667049, 31.0413981 ], [ 121.4676006, 31.0412327 ] ] } },
{ "type": "Feature", "properties": { "highway": "footway" }, "geometry": { "type": "LineString", "coordinates": [ [ 121.4652461, 31.0413108 ], [ 121.4648384, 31.041274 ] ] } },
{ "type": "Feature", "properties": { "highway": "footway" }, "geometry": { "type": "LineString", "coordinates": [ [ 121.4648384, 31.041274 ], [ 121.4640735, 31.0412189 ] ] } },
{ "type": "Feature", "properties": { "highway": "footway" }, "geometry": { "type": "LineString", "coordinates": [ [ 121.4676006, 31.0412327 ], [ 121.4675309, 31.040833 ] ] } },
{ "type": "Feature", "properties": { "highway": "footway" }, "geometry": { "type": "LineString", "coordinates": [ [ 121.4675309, 31.040833 ], [ 121.4673163, 31.0403138 ] ] } },
{ "type": "Feature", "properties": { "highway": "footway" }, "geometry": { "type": "LineString", "coordinates": [ [ 121.4673163, 31.0403138 ], [ 121.467193, 31.0401346 ] ] } },
{ "type": "Feature", "properties": { "highway": "footway" }, "geometry": { "type": "LineString", "coordinates": [ [ 121.467193, 31.0401346 ], [ 121.4669999, 31.0399002 ] ] } },
{ "type": "Feature", "properties": { "highway": "footway" }, "geometry": { "type": "LineString", "coordinates": [ [ 121.4669999, 31.0399002 ], [ 121.4666942, 31.0396567 ] ] } },
{ "type": "Feature", "properties": { "highway": "footway" }, "geometry": { "type": "LineString", "coordinates": [ [ 121.4633742, 31.0412832 ], [ 121.4639143, 31.0413522 ] ] } },
{ "type": "Feature", "properties": { "highway": "footway" }, "geometry": { "type": "LineString", "coordinates": [ [ 121.4635933, 31.0291667 ], [ 121.4640062, 31.0280719 ] ] } },
{ "type": "Feature", "properties": { "highway": "footway" }, "geometry": { "type": "LineString", "coordinates": [ [ 121.4640062, 31.0280719 ], [ 121.464076, 31.027957 ] ] } },
{ "type": "Feature", "properties": { "highway": "footway" }, "geometry": { "type": "LineString", "coordinates": [ [ 121.464076, 31.027957 ], [ 121.46421, 31.027816 ] ] } },
{ "type": "Feature", "properties": { "highway": "footway" }, "geometry": { "type": "LineString", "coordinates": [ [ 121.46421, 31.027816 ], [ 121.464269, 31.027761 ] ] } },
{ "type": "Feature", "properties": { "highway": "footway" }, "geometry": { "type": "LineString", "coordinates": [ [ 121.4573067, 31.0347813 ], [ 121.4588784, 31.034978 ] ] } },
{ "type": "Feature", "properties": { "highway": "footway" }, "geometry": { "type": "LineString", "coordinates": [ [ 121.4573067, 31.0347813 ], [ 121.4573067, 31.0348928 ] ] } },
{ "type": "Feature", "properties": { "highway": "footway" }, "geometry": { "type": "LineString", "coordinates": [ [ 121.4573067, 31.0348928 ], [ 121.457414, 31.0351733 ] ] } },
{ "type": "Feature", "properties": { "highway": "footway" }, "geometry": { "type": "LineString", "coordinates": [ [ 121.457414, 31.0351733 ], [ 121.4574623, 31.0353572 ] ] } },
{ "type": "Feature", "properties": { "highway": "footway" }, "geometry": { "type": "LineString", "coordinates": [ [ 121.4558843, 31.0284715 ], [ 121.4557485, 31.0288276 ] ] } },
{ "type": "Feature", "properties": { "highway": "footway" }, "geometry": { "type": "LineString", "coordinates": [ [ 121.4546535, 31.0316926 ], [ 121.4549383, 31.0310447 ] ] } },
{ "type": "Feature", "properties": { "highway": "footway" }, "geometry": { "type": "LineString", "coordinates": [ [ 121.4549383, 31.0310447 ], [ 121.4550659, 31.0307405 ] ] } },
{ "type": "Feature", "properties": { "highway": "footway" }, "geometry": { "type": "LineString", "coordinates": [ [ 121.4550659, 31.0307405 ], [ 121.4551583, 31.0304701 ] ] } },
{ "type": "Feature", "properties": { "highway": "footway" }, "geometry": { "type": "LineString", "coordinates": [ [ 121.4551583, 31.0304701 ], [ 121.4553403, 31.02997 ] ] } },
{ "type": "Feature", "properties": { "highway": "footway" }, "geometry": { "type": "LineString", "coordinates": [ [ 121.4553403, 31.02997 ], [ 121.4554078, 31.0297844 ] ] } },
{ "type": "Feature", "properties": { "highway": "footway" }, "geometry": { "type": "LineString", "coordinates": [ [ 121.4554078, 31.0297844 ], [ 121.4556384, 31.0291508 ] ] } },
{ "type": "Feature", "properties": { "highway": "footway" }, "geometry": { "type": "LineString", "coordinates": [ [ 121.4556384, 31.0291508 ], [ 121.4557485, 31.0288276 ] ] } },
{ "type": "Feature", "properties": { "highway": "footway" }, "geometry": { "type": "LineString", "coordinates": [ [ 121.4578151, 31.0337929 ], [ 121.4570839, 31.0335935 ] ] } },
{ "type": "Feature", "properties": { "highway": "footway" }, "geometry": { "type": "LineString", "coordinates": [ [ 121.4570839, 31.0335935 ], [ 121.4573744, 31.0327891 ] ] } },
{ "type": "Feature", "properties": { "highway": "footway" }, "geometry": { "type": "LineString", "coordinates": [ [ 121.4570839, 31.0335935 ], [ 121.4550888, 31.0330493 ] ] } },
{ "type": "Feature", "properties": { "highway": "footway" }, "geometry": { "type": "LineString", "coordinates": [ [ 121.4573744, 31.0327891 ], [ 121.4575366, 31.0328317 ] ] } },
{ "type": "Feature", "properties": { "highway": "footway" }, "geometry": { "type": "LineString", "coordinates": [ [ 121.4573744, 31.0327891 ], [ 121.4575328, 31.0323504 ] ] } },
{ "type": "Feature", "properties": { "highway": "footway" }, "geometry": { "type": "LineString", "coordinates": [ [ 121.4575328, 31.0323504 ], [ 121.4586096, 31.0326567 ] ] } },
{ "type": "Feature", "properties": { "highway": "footway" }, "geometry": { "type": "LineString", "coordinates": [ [ 121.4593979, 31.0333211 ], [ 121.4583917, 31.0330566 ] ] } },
{ "type": "Feature", "properties": { "highway": "footway" }, "geometry": { "type": "LineString", "coordinates": [ [ 121.4593979, 31.0333211 ], [ 121.4594224, 31.0332941 ] ] } },
{ "type": "Feature", "properties": { "highway": "footway" }, "geometry": { "type": "LineString", "coordinates": [ [ 121.4594224, 31.0332941 ], [ 121.4594561, 31.0332759 ] ] } },
{ "type": "Feature", "properties": { "highway": "footway" }, "geometry": { "type": "LineString", "coordinates": [ [ 121.4594561, 31.0332759 ], [ 121.4594951, 31.0332685 ] ] } },
{ "type": "Feature", "properties": { "highway": "footway" }, "geometry": { "type": "LineString", "coordinates": [ [ 121.4593979, 31.0333211 ], [ 121.4593856, 31.0333536 ] ] } },
{ "type": "Feature", "properties": { "highway": "footway" }, "geometry": { "type": "LineString", "coordinates": [ [ 121.4593856, 31.0333536 ], [ 121.4593869, 31.0333878 ] ] } },
{ "type": "Feature", "properties": { "highway": "footway" }, "geometry": { "type": "LineString", "coordinates": [ [ 121.4593869, 31.0333878 ], [ 121.4594017, 31.0334195 ] ] } },
{ "type": "Feature", "properties": { "highway": "footway" }, "geometry": { "type": "LineString", "coordinates": [ [ 121.4594017, 31.0334195 ], [ 121.4594282, 31.033445 ] ] } },
{ "type": "Feature", "properties": { "highway": "footway" }, "geometry": { "type": "LineString", "coordinates": [ [ 121.4594988, 31.0334664 ], [ 121.4594633, 31.0334613 ] ] } },
{ "type": "Feature", "properties": { "highway": "footway" }, "geometry": { "type": "LineString", "coordinates": [ [ 121.4594633, 31.0334613 ], [ 121.4594282, 31.033445 ] ] } },
{ "type": "Feature", "properties": { "highway": "footway" }, "geometry": { "type": "LineString", "coordinates": [ [ 121.4594988, 31.0334664 ], [ 121.4595344, 31.033462 ] ] } },
{ "type": "Feature", "properties": { "highway": "footway" }, "geometry": { "type": "LineString", "coordinates": [ [ 121.4595344, 31.033462 ], [ 121.4595666, 31.0334483 ] ] } },
{ "type": "Feature", "properties": { "highway": "footway" }, "geometry": { "type": "LineString", "coordinates": [ [ 121.4595666, 31.0334483 ], [ 121.4595924, 31.0334269 ] ] } },
{ "type": "Feature", "properties": { "highway": "footway" }, "geometry": { "type": "LineString", "coordinates": [ [ 121.4595924, 31.0334269 ], [ 121.4596092, 31.0333996 ] ] } },
{ "type": "Feature", "properties": { "highway": "footway" }, "geometry": { "type": "LineString", "coordinates": [ [ 121.4596092, 31.0333996 ], [ 121.4596155, 31.0333693 ] ] } },
{ "type": "Feature", "properties": { "highway": "footway" }, "geometry": { "type": "LineString", "coordinates": [ [ 121.4594988, 31.0334664 ], [ 121.4590578, 31.0346479 ] ] } },
{ "type": "Feature", "properties": { "highway": "footway" }, "geometry": { "type": "LineString", "coordinates": [ [ 121.4590578, 31.0346479 ], [ 121.4589932, 31.034921 ] ] } },
{ "type": "Feature", "properties": { "highway": "footway" }, "geometry": { "type": "LineString", "coordinates": [ [ 121.4589932, 31.034921 ], [ 121.4589777, 31.0349904 ] ] } },
{ "type": "Feature", "properties": { "highway": "footway" }, "geometry": { "type": "LineString", "coordinates": [ [ 121.4595701, 31.0332887 ], [ 121.4595949, 31.033311 ] ] } },
{ "type": "Feature", "properties": { "highway": "footway" }, "geometry": { "type": "LineString", "coordinates": [ [ 121.4595949, 31.033311 ], [ 121.4596106, 31.0333388 ] ] } },
{ "type": "Feature", "properties": { "highway": "footway" }, "geometry": { "type": "LineString", "coordinates": [ [ 121.4596106, 31.0333388 ], [ 121.4596155, 31.0333693 ] ] } },
{ "type": "Feature", "properties": { "highway": "footway" }, "geometry": { "type": "LineString", "coordinates": [ [ 121.4595701, 31.0332887 ], [ 121.4595347, 31.033273 ] ] } },
{ "type": "Feature", "properties": { "highway": "footway" }, "geometry": { "type": "LineString", "coordinates": [ [ 121.4595347, 31.033273 ], [ 121.4594951, 31.0332685 ] ] } },
{ "type": "Feature", "properties": { "highway": "footway" }, "geometry": { "type": "LineString", "coordinates": [ [ 121.4595701, 31.0332887 ], [ 121.4598727, 31.0325418 ] ] } },
{ "type": "Feature", "properties": { "highway": "footway" }, "geometry": { "type": "LineString", "coordinates": [ [ 121.4598727, 31.0325418 ], [ 121.4599172, 31.0324298 ] ] } },
{ "type": "Feature", "properties": { "highway": "footway" }, "geometry": { "type": "LineString", "coordinates": [ [ 121.4594951, 31.0332685 ], [ 121.459648, 31.0328863 ] ] } },
{ "type": "Feature", "properties": { "highway": "footway" }, "geometry": { "type": "LineString", "coordinates": [ [ 121.4596155, 31.0333693 ], [ 121.4601042, 31.0334922 ] ] } },
{ "type": "Feature", "properties": { "highway": "footway" }, "geometry": { "type": "LineString", "coordinates": [ [ 121.4594282, 31.033445 ], [ 121.458963, 31.0346288 ] ] } },
{ "type": "Feature", "properties": { "highway": "footway" }, "geometry": { "type": "LineString", "coordinates": [ [ 121.458963, 31.0346288 ], [ 121.4588976, 31.0349078 ] ] } },
{ "type": "Feature", "properties": { "highway": "footway" }, "geometry": { "type": "LineString", "coordinates": [ [ 121.4588976, 31.0349078 ], [ 121.4588784, 31.034978 ] ] } },
{ "type": "Feature", "properties": { "highway": "footway" }, "geometry": { "type": "LineString", "coordinates": [ [ 121.4599172, 31.0324298 ], [ 121.4598406, 31.0324086 ] ] } },
{ "type": "Feature", "properties": { "highway": "footway" }, "geometry": { "type": "LineString", "coordinates": [ [ 121.4598406, 31.0324086 ], [ 121.4597946, 31.0325199 ] ] } },
{ "type": "Feature", "properties": { "highway": "footway" }, "geometry": { "type": "LineString", "coordinates": [ [ 121.4597946, 31.0325199 ], [ 121.459648, 31.0328863 ] ] } },
{ "type": "Feature", "properties": { "highway": "footway" }, "geometry": { "type": "LineString", "coordinates": [ [ 121.4589777, 31.0349904 ], [ 121.4588784, 31.034978 ] ] } },
{ "type": "Feature", "properties": { "highway": "footway" }, "geometry": { "type": "LineString", "coordinates": [ [ 121.459648, 31.0328863 ], [ 121.4589295, 31.0327013 ] ] } },
{ "type": "Feature", "properties": { "highway": "footway" }, "geometry": { "type": "LineString", "coordinates": [ [ 121.4589295, 31.0327013 ], [ 121.4588567, 31.032693 ] ] } },
{ "type": "Feature", "properties": { "highway": "footway" }, "geometry": { "type": "LineString", "coordinates": [ [ 121.4588567, 31.032693 ], [ 121.4587767, 31.0326881 ] ] } },
{ "type": "Feature", "properties": { "highway": "footway" }, "geometry": { "type": "LineString", "coordinates": [ [ 121.4587767, 31.0326881 ], [ 121.4586588, 31.0326707 ] ] } },
{ "type": "Feature", "properties": { "highway": "footway" }, "geometry": { "type": "LineString", "coordinates": [ [ 121.4586588, 31.0326707 ], [ 121.4586096, 31.0326567 ] ] } },
{ "type": "Feature", "properties": { "highway": "footway" }, "geometry": { "type": "LineString", "coordinates": [ [ 121.4583917, 31.0330566 ], [ 121.4575366, 31.0328317 ] ] } },
{ "type": "Feature", "properties": { "highway": "footway" }, "geometry": { "type": "LineString", "coordinates": [ [ 121.4583917, 31.0330566 ], [ 121.4584069, 31.0330018 ] ] } },
{ "type": "Feature", "properties": { "highway": "footway" }, "geometry": { "type": "LineString", "coordinates": [ [ 121.4584069, 31.0330018 ], [ 121.4584349, 31.0329658 ] ] } },
{ "type": "Feature", "properties": { "highway": "footway" }, "geometry": { "type": "LineString", "coordinates": [ [ 121.4584349, 31.0329658 ], [ 121.4584579, 31.0329112 ] ] } },
{ "type": "Feature", "properties": { "highway": "footway" }, "geometry": { "type": "LineString", "coordinates": [ [ 121.4584579, 31.0329112 ], [ 121.4584933, 31.0329038 ] ] } },
{ "type": "Feature", "properties": { "highway": "footway" }, "geometry": { "type": "LineString", "coordinates": [ [ 121.4584933, 31.0329038 ], [ 121.4585073, 31.0328758 ] ] } },
{ "type": "Feature", "properties": { "highway": "footway" }, "geometry": { "type": "LineString", "coordinates": [ [ 121.4585073, 31.0328758 ], [ 121.4585073, 31.0328498 ] ] } },
{ "type": "Feature", "properties": { "highway": "footway" }, "geometry": { "type": "LineString", "coordinates": [ [ 121.4584579, 31.0329112 ], [ 121.4584353, 31.0328994 ] ] } },
{ "type": "Feature", "properties": { "highway": "footway" }, "geometry": { "type": "LineString", "coordinates": [ [ 121.4584353, 31.0328994 ], [ 121.4584337, 31.0328852 ] ] } },
{ "type": "Feature", "properties": { "highway": "footway" }, "geometry": { "type": "LineString", "coordinates": [ [ 121.4585073, 31.0328498 ], [ 121.4585213, 31.0328157 ] ] } },
{ "type": "Feature", "properties": { "highway": "footway" }, "geometry": { "type": "LineString", "coordinates": [ [ 121.4585213, 31.0328157 ], [ 121.4585516, 31.0327917 ] ] } },
{ "type": "Feature", "properties": { "highway": "footway" }, "geometry": { "type": "LineString", "coordinates": [ [ 121.4585516, 31.0327917 ], [ 121.4585797, 31.0327617 ] ] } },
{ "type": "Feature", "properties": { "highway": "footway" }, "geometry": { "type": "LineString", "coordinates": [ [ 121.4585797, 31.0327617 ], [ 121.4586053, 31.0327337 ] ] } },
{ "type": "Feature", "properties": { "highway": "footway" }, "geometry": { "type": "LineString", "coordinates": [ [ 121.4586053, 31.0327337 ], [ 121.4586077, 31.0326997 ] ] } },
{ "type": "Feature", "properties": { "highway": "footway" }, "geometry": { "type": "LineString", "coordinates": [ [ 121.4586077, 31.0326997 ], [ 121.4586096, 31.0326567 ] ] } },
{ "type": "Feature", "properties": { "highway": "footway" }, "geometry": { "type": "LineString", "coordinates": [ [ 121.4585073, 31.0328498 ], [ 121.4584937, 31.0328408 ] ] } },
{ "type": "Feature", "properties": { "highway": "footway" }, "geometry": { "type": "LineString", "coordinates": [ [ 121.4584937, 31.0328408 ], [ 121.4584727, 31.0328403 ] ] } },
{ "type": "Feature", "properties": { "highway": "footway" }, "geometry": { "type": "LineString", "coordinates": [ [ 121.4584727, 31.0328403 ], [ 121.4584429, 31.0328458 ] ] } },
{ "type": "Feature", "properties": { "highway": "footway" }, "geometry": { "type": "LineString", "coordinates": [ [ 121.4584429, 31.0328458 ], [ 121.4584324, 31.0328744 ] ] } },
{ "type": "Feature", "properties": { "highway": "footway" }, "geometry": { "type": "LineString", "coordinates": [ [ 121.4584324, 31.0328744 ], [ 121.4584337, 31.0328852 ] ] } },
{ "type": "Feature", "properties": { "highway": "footway" }, "geometry": { "type": "LineString", "coordinates": [ [ 121.4584337, 31.0328852 ], [ 121.4582827, 31.0328995 ] ] } },
{ "type": "Feature", "properties": { "highway": "footway" }, "geometry": { "type": "LineString", "coordinates": [ [ 121.4582827, 31.0328995 ], [ 121.4581414, 31.0328934 ] ] } },
{ "type": "Feature", "properties": { "highway": "footway" }, "geometry": { "type": "LineString", "coordinates": [ [ 121.4581414, 31.0328934 ], [ 121.4577674, 31.0327959 ] ] } },
{ "type": "Feature", "properties": { "highway": "footway" }, "geometry": { "type": "LineString", "coordinates": [ [ 121.4577674, 31.0327959 ], [ 121.4576088, 31.0327689 ] ] } },
{ "type": "Feature", "properties": { "highway": "footway" }, "geometry": { "type": "LineString", "coordinates": [ [ 121.4576088, 31.0327689 ], [ 121.4575366, 31.0328317 ] ] } },
{ "type": "Feature", "properties": { "highway": "footway" }, "geometry": { "type": "LineString", "coordinates": [ [ 121.4476737, 31.0335146 ], [ 121.4477741, 31.0334097 ] ] } },
{ "type": "Feature", "properties": { "highway": "footway" }, "geometry": { "type": "LineString", "coordinates": [ [ 121.4476737, 31.0335146 ], [ 121.44784821886519, 31.033587877949834 ] ] } },
{ "type": "Feature", "properties": { "highway": "footway" }, "geometry": { "type": "LineString", "coordinates": [ [ 121.44784821886519, 31.033587877949834 ], [ 121.4479533, 31.033632 ] ] } },
{ "type": "Feature", "properties": { "highway": "footway" }, "geometry": { "type": "LineString", "coordinates": [ [ 121.4476737, 31.0335146 ], [ 121.4473961, 31.0334615 ] ] } },
{ "type": "Feature", "properties": { "highway": "footway" }, "geometry": { "type": "LineString", "coordinates": [ [ 121.4473961, 31.0334615 ], [ 121.4471826, 31.0333537 ] ] } },
{ "type": "Feature", "properties": { "highway": "footway" }, "geometry": { "type": "LineString", "coordinates": [ [ 121.4471826, 31.0333537 ], [ 121.4469611, 31.0331133 ] ] } },
{ "type": "Feature", "properties": { "highway": "footway" }, "geometry": { "type": "LineString", "coordinates": [ [ 121.4469611, 31.0331133 ], [ 121.4468204, 31.0329005 ] ] } },
{ "type": "Feature", "properties": { "highway": "footway" }, "geometry": { "type": "LineString", "coordinates": [ [ 121.4477741, 31.0334097 ], [ 121.4475425, 31.0331472 ] ] } },
{ "type": "Feature", "properties": { "highway": "footway" }, "geometry": { "type": "LineString", "coordinates": [ [ 121.4475425, 31.0331472 ], [ 121.4474399, 31.0331104 ] ] } },
{ "type": "Feature", "properties": { "highway": "footway" }, "geometry": { "type": "LineString", "coordinates": [ [ 121.4474399, 31.0331104 ], [ 121.4472745, 31.0330821 ] ] } },
{ "type": "Feature", "properties": { "highway": "footway" }, "geometry": { "type": "LineString", "coordinates": [ [ 121.4472745, 31.0330821 ], [ 121.4471356, 31.0328543 ] ] } },
{ "type": "Feature", "properties": { "highway": "footway" }, "geometry": { "type": "LineString", "coordinates": [ [ 121.4471356, 31.0328543 ], [ 121.4469696, 31.0328438 ] ] } },
{ "type": "Feature", "properties": { "highway": "footway" }, "geometry": { "type": "LineString", "coordinates": [ [ 121.4469696, 31.0328438 ], [ 121.4468204, 31.0329005 ] ] } },
{ "type": "Feature", "properties": { "highway": "footway" }, "geometry": { "type": "LineString", "coordinates": [ [ 121.4467085, 31.0327312 ], [ 121.4468204, 31.0329005 ] ] } },
{ "type": "Feature", "properties": { "highway": "footway" }, "geometry": { "type": "LineString", "coordinates": [ [ 121.4467085, 31.0327312 ], [ 121.44659, 31.0326661 ] ] } },
{ "type": "Feature", "properties": { "highway": "footway" }, "geometry": { "type": "LineString", "coordinates": [ [ 121.44659, 31.0326661 ], [ 121.445991, 31.0327855 ] ] } },
{ "type": "Feature", "properties": { "highway": "footway" }, "geometry": { "type": "LineString", "coordinates": [ [ 121.444895554565278, 31.03459438737621 ], [ 121.444895554597835, 31.034594387373087 ] ] } },
{ "type": "Feature", "properties": { "highway": "footway" }, "geometry": { "type": "LineString", "coordinates": [ [ 121.444895554597835, 31.034594387373087 ], [ 121.446693555951185, 31.034421892560744 ] ] } },
{ "type": "Feature", "properties": { "highway": "footway" }, "geometry": { "type": "LineString", "coordinates": [ [ 121.445119, 31.0351575 ], [ 121.445298172966162, 31.035080063787806 ], [ 121.445841724111787, 31.035109897840105 ], [ 121.445892017100306, 31.035242493515014 ], [ 121.4464543, 31.035239 ] ] } },
{ "type": "Feature", "properties": { "highway": "footway" }, "geometry": { "type": "LineString", "coordinates": [ [ 121.44721266444094, 31.035619134469325 ], [ 121.447212664438766, 31.035619134456855 ] ] } },
{ "type": "Feature", "properties": { "highway": "footway" }, "geometry": { "type": "LineString", "coordinates": [ [ 121.447212664438766, 31.035619134456855 ], [ 121.44712994982639, 31.035145871471638 ] ] } },
{ "type": "Feature", "properties": { "highway": "footway" }, "geometry": { "type": "LineString", "coordinates": [ [ 121.44712994982639, 31.035145871471638 ], [ 121.4470659, 31.034779400000012 ] ] } },
{ "type": "Feature", "properties": { "highway": "footway" }, "geometry": { "type": "LineString", "coordinates": [ [ 121.4464543, 31.035239 ], [ 121.44712994982639, 31.035145871471638 ] ] } },
{ "type": "Feature", "properties": { "highway": "footway" }, "geometry": { "type": "LineString", "coordinates": [ [ 121.44712994982639, 31.035145871471638 ], [ 121.44787780705677, 31.034768957550707 ] ] } },
{ "type": "Feature", "properties": { "highway": "footway" }, "geometry": { "type": "LineString", "coordinates": [ [ 121.448868499999989, 31.0355169 ], [ 121.44984287707608, 31.03472432597567 ] ] } },
{ "type": "Feature", "properties": { "highway": "footway" }, "geometry": { "type": "LineString", "coordinates": [ [ 121.449764938963838, 31.034144873981926 ], [ 121.449764938941968, 31.034144873963054 ] ] } },
{ "type": "Feature", "properties": { "highway": "footway" }, "geometry": { "type": "LineString", "coordinates": [ [ 121.449764938941968, 31.034144873963054 ], [ 121.449611763908109, 31.034012661544818 ], [ 121.449395117188175, 31.033585034308082 ], [ 121.44891539945111, 31.033352987716995 ], [ 121.44862911628546, 31.033303263373913 ], [ 121.448157135931268, 31.033356302672281 ], [ 121.447944357902742, 31.033409341941095 ], [ 121.44784821886519, 31.033587877949834 ] ] } },
{ "type": "Feature", "properties": { "highway": "footway" }, "geometry": { "type": "LineString", "coordinates": [ [ 121.44784821886519, 31.033587877949834 ], [ 121.447848218857729, 31.033587877963679 ] ] } },
{ "type": "Feature", "properties": { "highway": "footway" }, "geometry": { "type": "LineString", "coordinates": [ [ 121.4503673, 31.032743 ], [ 121.450557386127485, 31.032791695777277 ] ] } },
{ "type": "Feature", "properties": { "highway": "footway" }, "geometry": { "type": "LineString", "coordinates": [ [ 121.450557386127485, 31.032791695777277 ], [ 121.450557386315936, 31.032791695825555 ] ] } },
{ "type": "Feature", "properties": { "highway": "footway" }, "geometry": { "type": "LineString", "coordinates": [ [ 121.447351800000021, 31.030425 ], [ 121.44720340499498, 31.030846918506349 ] ] } },
{ "type": "Feature", "properties": { "highway": "footway" }, "geometry": { "type": "LineString", "coordinates": [ [ 121.44720340499498, 31.030846918506349 ], [ 121.447203404986226, 31.030846918531232 ] ] } },
{ "type": "Feature", "properties": { "highway": "footway" }, "geometry": { "type": "LineString", "coordinates": [ [ 121.449007065551399, 31.030858335295573 ], [ 121.448858117690946, 31.031344933499991 ] ] } },
{ "type": "Feature", "properties": { "highway": "footway" }, "geometry": { "type": "LineString", "coordinates": [ [ 121.448858117690946, 31.031344933499991 ], [ 121.448858117689795, 31.031344933503739 ] ] } },
{ "type": "Feature", "properties": { "highway": "footway" }, "geometry": { "type": "LineString", "coordinates": [ [ 121.444952299999983, 31.032003 ], [ 121.444894365588084, 31.031998473561632 ] ] } },
{ "type": "Feature", "properties": { "highway": "footway" }, "geometry": { "type": "LineString", "coordinates": [ [ 121.444894365588084, 31.031998473561632 ], [ 121.44489436553495, 31.031998473557483 ] ] } },
{ "type": "Feature", "properties": { "highway": "footway" }, "geometry": { "type": "LineString", "coordinates": [ [ 121.445459528702983, 31.031975906027348 ], [ 121.445459528703182, 31.03197590602494 ] ] } },
{ "type": "Feature", "properties": { "highway": "footway" }, "geometry": { "type": "LineString", "coordinates": [ [ 121.445459528703182, 31.03197590602494 ], [ 121.445497410574603, 31.031530573581687 ] ] } }
]
}
